loc,cod,orgao,nome,disp
Asa Sul,MS35706,Ministério da Saúde,ABATACEPTE 125 MG/ML SOLUÇAO INJETAVEL INJ SERINGA PREENCHIDA 1ML,SEM ESTOQUE
Ceilândia,MS35706,Ministério da Saúde,ABATACEPTE 125 MG/ML SOLUÇAO INJETAVEL INJ SERINGA PREENCHIDA 1ML,SEM ESTOQUE
Gama,MS35706,Ministério da Saúde,ABATACEPTE 125 MG/ML SOLUÇAO INJETAVEL INJ SERINGA PREENCHIDA 1ML,SEM ESTOQUE
Asa Sul,MS11126,Ministério da Saúde,ABATACEPTE 250 MG PÓ P/ SUSPENSAO INJETAVEL FRASCO-AMPOLA,SEM ESTOQUE
Gama,MS11126,Ministério da Saúde,ABATACEPTE 250 MG PÓ P/ SUSPENSAO INJETAVEL FRASCO-AMPOLA,SEM ESTOQUE
Asa Sul,11292,SES-DF,ÁCIDO URSODESOXICOLICO COMPRIMIDO 300 MG,COM ESTOQUE
Ceilândia,11292,SES-DF,ÁCIDO URSODESOXICOLICO COMPRIMIDO 300 MG,COM ESTOQUE
Gama,11292,SES-DF,ÁCIDO URSODESOXICOLICO COMPRIMIDO 300 MG,COM ESTOQUE
Asa Sul,1068,SES-DF,ACITRETINA CAPSULA 10MG,COM ESTOQUE
Ceilândia,1068,SES-DF,ACITRETINA CAPSULA 10MG,COM ESTOQUE
Gama,1068,SES-DF,ACITRETINA CAPSULA 10MG,COM ESTOQUE
Asa Sul,1069,SES-DF,ACITRETINA CAPSULA 25MG,COM ESTOQUE
Ceilândia,1069,SES-DF,ACITRETINA CAPSULA 25MG,SEM ESTOQUE
Gama,1069,SES-DF,ACITRETINA CAPSULA 25MG,COM ESTOQUE
Ceilândia,MS19578,Ministério da Saúde,ADALIMUMABE 40 MG/ML SOL INJ SERINGA PREENCHIDA,COM ESTOQUE
Asa Sul,MS19578,Ministério da Saúde,ADALIMUMABE SOLUÇAO INJETAVEL 40MG FRASCO AMPOLA (2 A 18 ANOS),SEM ESTOQUE
Gama,MS19578,Ministério da Saúde,ADALIMUMABE SOLUÇAO INJETAVEL 40MG FRASCO AMPOLA (2 A 18 ANOS),SEM ESTOQUE
Asa Sul,19578,SES-DF,ADALIMUMABE SOLUÇAO INJETAVEL 40MG FRASCO AMPOLA OU SERINGA PREENCHIDA,COM ESTOQUE
Ceilândia,19578,SES-DF,ADALIMUMABE SOLUÇAO INJETAVEL 40MG FRASCO AMPOLA OU SERINGA PREENCHIDA,COM ESTOQUE
Gama,19578,SES-DF,ADALIMUMABE SOLUÇAO INJETAVEL 40MG FRASCO AMPOLA OU SERINGA PREENCHIDA,SEM ESTOQUE
Asa Sul,MS19578,Ministério da Saúde,ADALIMUMABE SOLUÇAO INJETAVEL 40MG SERINGA PREENCHIDA,COM ESTOQUE
Gama,MS19578,Ministério da Saúde,ADALIMUMABE SOLUÇAO INJETAVEL 40MG SERINGA PREENCHIDA,COM ESTOQUE
Ceilândia,MS35235,Ministério da Saúde,"ALENTUZUMABE 10MG/ML SOL. INJ. 1,2ML",SEM ESTOQUE
Asa Sul,MS37750,Ministério da Saúde,ALFA-ALGLICOSIDADE PÓ LIOFILIZADO PARA SOLUÇÃO INJETÁVEL 50 MG FRASCO AMPOLA,COM ESTOQUE
Ceilândia,MS37750,Ministério da Saúde,ALFA-ALGLICOSIDADE PÓ LIOFILIZADO PARA SOLUÇÃO INJETÁVEL 50 MG FRASCO AMPOLA,COM ESTOQUE
Gama,MS37750,Ministério da Saúde,ALFA-ALGLICOSIDADE PÓ LIOFILIZADO PARA SOLUÇÃO INJETÁVEL 50 MG FRASCO AMPOLA,SEM ESTOQUE
Asa Sul,MS2317,Ministério da Saúde,"ALFADORNASE SOLUCAO PARA INALACAO 1MG/ML AMPOLA 2,5ML",COM ESTOQUE
Ceilândia,MS2317,Ministério da Saúde,"ALFADORNASE SOLUCAO PARA INALACAO 1MG/ML AMPOLA 2,5ML",COM ESTOQUE
Gama,MS2317,Ministério da Saúde,"ALFADORNASE SOLUCAO PARA INALACAO 1MG/ML AMPOLA 2,5ML",COM ESTOQUE
Asa Sul,21684,SES-DF,ALFAEPOETINA SOLUÇAO INJETAVEL 10.000 UI SERINGA PREENCHIDA OU FRASCO-AMPOLA OU AMPOLA,COM ESTOQUE
Asa Sul,MS21684,Ministério da Saúde,ALFAEPOETINA SOLUÇAO INJETAVEL 10.000 UI SERINGA PREENCHIDA OU FRASCO-AMPOLA OU AMPOLA,COM ESTOQUE
Ceilândia,21684,SES-DF,ALFAEPOETINA SOLUÇAO INJETAVEL 10.000 UI SERINGA PREENCHIDA OU FRASCO-AMPOLA OU AMPOLA,COM ESTOQUE
Ceilândia,MS21684,Ministério da Saúde,ALFAEPOETINA SOLUÇAO INJETAVEL 10.000 UI SERINGA PREENCHIDA OU FRASCO-AMPOLA OU AMPOLA,COM ESTOQUE
Gama,21684,SES-DF,ALFAEPOETINA SOLUÇAO INJETAVEL 10.000 UI SERINGA PREENCHIDA OU FRASCO-AMPOLA OU AMPOLA,COM ESTOQUE
Gama,MS21684,Ministério da Saúde,ALFAEPOETINA SOLUÇAO INJETAVEL 10.000 UI SERINGA PREENCHIDA OU FRASCO-AMPOLA OU AMPOLA,COM ESTOQUE
Asa Sul,MS52018,Ministério da Saúde,ALFAEPOETINA SOLUÇAO INJETAVEL 4.000 UI SERINGA PREENCHIDA OU FRASCO-AMPOLA OU AMPOLA,COM ESTOQUE
Ceilândia,MS52018,Ministério da Saúde,ALFAEPOETINA SOLUÇAO INJETAVEL 4.000 UI SERINGA PREENCHIDA OU FRASCO-AMPOLA OU AMPOLA,COM ESTOQUE
Gama,MS52018,Ministério da Saúde,ALFAEPOETINA SOLUÇAO INJETAVEL 4.000 UI SERINGA PREENCHIDA OU FRASCO-AMPOLA OU AMPOLA,COM ESTOQUE
Ceilândia,MS22604,Ministério da Saúde,ALFATALIGLICERASE 200 UI PÓ LIOF INJ (FR-AMP),COM ESTOQUE
Gama,MS22604,Ministério da Saúde,ALFATALIGLICERASE 200 UI PÓ LIOF INJ (FR-AMP),COM ESTOQUE
Asa Sul,MS31150,Ministério da Saúde,ALFAVELAGLICERASE 400 U PÓ LIOF INJ (FR-AMP),COM ESTOQUE
Gama,MS31150,Ministério da Saúde,ALFAVELAGLICERASE 400 U PÓ LIOF INJ (FR-AMP),COM ESTOQUE
Asa Sul,13803,SES-DF,AMANTADINA COMPRIMIDO 100MG,COM ESTOQUE
Ceilândia,13803,SES-DF,AMANTADINA COMPRIMIDO 100MG,COM ESTOQUE
Gama,13803,SES-DF,AMANTADINA COMPRIMIDO 100MG,COM ESTOQUE
Asa Sul,32161,SES-DF,AMBRISENTANA COMPRIMIDO REVESTIDO 10MG,COM ESTOQUE
Ceilândia,32161,SES-DF,AMBRISENTANA COMPRIMIDO REVESTIDO 10MG,COM ESTOQUE
Gama,32161,SES-DF,AMBRISENTANA COMPRIMIDO REVESTIDO 10MG,COM ESTOQUE
Asa Sul,31982,SES-DF,AMBRISENTANA COMPRIMIDO REVESTIDO 5MG,COM ESTOQUE
Ceilândia,31982,SES-DF,AMBRISENTANA COMPRIMIDO REVESTIDO 5MG,SEM ESTOQUE
Gama,31982,SES-DF,AMBRISENTANA COMPRIMIDO REVESTIDO 5MG,SEM ESTOQUE
Asa Sul,4383,SES-DF,ATORVASTATINA COMPRIMIDO 10MG,SEM ESTOQUE
Ceilândia,4383,SES-DF,ATORVASTATINA COMPRIMIDO 10MG,SEM ESTOQUE
Gama,4383,SES-DF,ATORVASTATINA COMPRIMIDO 10MG,SEM ESTOQUE
Asa Sul,8820,SES-DF,ATORVASTATINA COMPRIMIDO 20MG,COM ESTOQUE
Ceilândia,8820,SES-DF,ATORVASTATINA COMPRIMIDO 20MG,COM ESTOQUE
Gama,8820,SES-DF,ATORVASTATINA COMPRIMIDO 20MG,COM ESTOQUE
Asa Sul,90770,SES-DF,AZATIOPRINA COMPRIMIDO 50MG,COM ESTOQUE
Ceilândia,90770,SES-DF,AZATIOPRINA COMPRIMIDO 50MG,COM ESTOQUE
Gama,90770,SES-DF,AZATIOPRINA COMPRIMIDO 50MG,COM ESTOQUE
Asa Sul,90106,SES-DF,AZITROMICINA COMPRIMIDO 500MG,COM ESTOQUE
Ceilândia,90106,SES-DF,AZITROMICINA COMPRIMIDO 500MG,COM ESTOQUE
Gama,90106,SES-DF,AZITROMICINA COMPRIMIDO 500MG,COM ESTOQUE
Asa Sul,MS37771,Ministério da Saúde,BARICITINIBE 2MG COMPRIMIDO,COM ESTOQUE
Ceilândia,MS37771,Ministério da Saúde,BARICITINIBE 2MG COMPRIMIDO,COM ESTOQUE
Gama,MS37771,Ministério da Saúde,BARICITINIBE 2MG COMPRIMIDO,COM ESTOQUE
Asa Sul,MS37772,Ministério da Saúde,BARICITINIBE 4MG COMPRIMIDO,COM ESTOQUE
Ceilândia,MS37772,Ministério da Saúde,BARICITINIBE 4MG COMPRIMIDO,COM ESTOQUE
Gama,MS37772,Ministério da Saúde,BARICITINIBE 4MG COMPRIMIDO,COM ESTOQUE
Asa Sul,MS2817,Ministério da Saúde,BETAINTERFERONA 1A INJETAVEL 12.000.000UI (44 MCG) SERINGA PREENCHIDA,COM ESTOQUE
Ceilândia,MS2817,Ministério da Saúde,BETAINTERFERONA 1A INJETAVEL 12.000.000UI (44 MCG) SERINGA PREENCHIDA,COM ESTOQUE
Gama,MS2817,Ministério da Saúde,BETAINTERFERONA 1A INJETAVEL 12.000.000UI (44 MCG) SERINGA PREENCHIDA,COM ESTOQUE
Asa Sul,MS4824,Ministério da Saúde,BETAINTERFERONA 1A INJETAVEL 6.000.000UI (22MCG) SERINGA PREENCHIDA PRONTA PARA USO,COM ESTOQUE
Gama,MS4824,Ministério da Saúde,BETAINTERFERONA 1A INJETAVEL 6.000.000UI (22MCG) SERINGA PREENCHIDA PRONTA PARA USO,SEM ESTOQUE
Ceilândia,MS3350,Ministério da Saúde,BETAINTERFERONA 1A INJETAVEL 6.000.000UI (30 MCG) FRASCO AMP0LA + SERINGA PREENCHIDA COM DILUENTE,COM ESTOQUE
Asa Sul,MS3350,Ministério da Saúde,BETAINTERFERONA 1A INJETAVEL 6.000.000UI (30 MCG) FRASCO AMPOLA + SERINGA PREENCHIDA COM DILUENTE,COM ESTOQUE
Gama,MS3350,Ministério da Saúde,BETAINTERFERONA 1A INJETAVEL 6.000.000UI (30 MCG) FRASCO AMPOLA + SERINGA PREENCHIDA COM DILUENTE,COM ESTOQUE
Asa Sul,MS6593,Ministério da Saúde,"BETAINTERFERONA 1B PO LIOFILIZADO PARA SOLUÇAO INJETAVEL 9.600.000UI/FRASCO-AMPOLA +DILUENTE (APÓS RECONSTITUIÇÃO CADA ML DE SOLUÇÃO CONTÉM 0,25MG OU 8.000.000UI)",COM ESTOQUE
Gama,MS6593,Ministério da Saúde,"BETAINTERFERONA 1B PO LIOFILIZADO PARA SOLUÇAO INJETAVEL 9.600.000UI/FRASCO-AMPOLA +DILUENTE (APÓS RECONSTITUIÇÃO CADA ML DE SOLUÇÃO CONTÉM 0,25MG OU 8.000.000UI)",COM ESTOQUE
Asa Sul,13812,SES-DF,BEZAFIBRATO COMPRIMIDO DE DESINTEGRAÇÃO LENTA 400MG,SEM ESTOQUE
Ceilândia,13812,SES-DF,BEZAFIBRATO COMPRIMIDO DE DESINTEGRAÇÃO LENTA 400MG,SEM ESTOQUE
Gama,13812,SES-DF,BEZAFIBRATO COMPRIMIDO DE DESINTEGRAÇÃO LENTA 400MG,SEM ESTOQUE
Asa Sul,7536,SES-DF,BEZAFIBRATO DRAGEA OU COMPRIMIDO REVESTIDO 200MG,SEM ESTOQUE
Ceilândia,7536,SES-DF,BEZAFIBRATO DRAGEA OU COMPRIMIDO REVESTIDO 200MG,SEM ESTOQUE
Gama,7536,SES-DF,BEZAFIBRATO DRAGEA OU COMPRIMIDO REVESTIDO 200MG,SEM ESTOQUE
Asa Sul,MS19730,Ministério da Saúde,"BIMATOPROSTA SOLUCAO OFTALMICA 0,3 MG/ML FRASCO 3 ML",COM ESTOQUE
Ceilândia,MS19730,Ministério da Saúde,"BIMATOPROSTA SOLUCAO OFTALMICA 0,3 MG/ML FRASCO 3 ML",COM ESTOQUE
Gama,MS19730,Ministério da Saúde,"BIMATOPROSTA SOLUCAO OFTALMICA 0,3 MG/ML FRASCO 3 ML",COM ESTOQUE
Asa Sul,MS36095,Ministério da Saúde,"BIOTINA 2,5MG CÁPSULA",COM ESTOQUE
Gama,MS36095,Ministério da Saúde,"BIOTINA 2,5MG CÁPSULA",COM ESTOQUE
Ceilândia,MS36095,Ministério da Saúde,"BIOTINA 2,5MG CÁPSULA GRUPO 1A",COM ESTOQUE
Asa Sul,201482,SES-DF,BOSENTANA COMPRIMIDO REVESTIDO 125 MG (FRASCO OU BLISTER),COM ESTOQUE
Ceilândia,201482,SES-DF,BOSENTANA COMPRIMIDO REVESTIDO 125 MG (FRASCO OU BLISTER),COM ESTOQUE
Gama,201482,SES-DF,BOSENTANA COMPRIMIDO REVESTIDO 125 MG (FRASCO OU BLISTER),COM ESTOQUE
Asa Sul,201757,SES-DF,"BOSENTANA COMPRIMIDO REVESTIDO 62,5 MG",COM ESTOQUE
Ceilândia,201757,SES-DF,"BOSENTANA COMPRIMIDO REVESTIDO 62,5 MG",COM ESTOQUE
Gama,201757,SES-DF,"BOSENTANA COMPRIMIDO REVESTIDO 62,5 MG",COM ESTOQUE
Asa Sul,10325,SES-DF,"BRIMONIDINA (TARTARATO) SOLUCAO OFTALMICA 0,2 % FRASCO 5 ML",COM ESTOQUE
Ceilândia,10325,SES-DF,"BRIMONIDINA (TARTARATO) SOLUCAO OFTALMICA 0,2 % FRASCO 5 ML",COM ESTOQUE
Gama,10325,SES-DF,"BRIMONIDINA (TARTARATO) SOLUCAO OFTALMICA 0,2 % FRASCO 5 ML",COM ESTOQUE
Asa Sul,19993,SES-DF,BRINZOLAMIDA 10MG/ML SUSPENSAO OFTALMICA FRASCO 5ML,COM ESTOQUE
Ceilândia,19993,SES-DF,BRINZOLAMIDA 10MG/ML SUSPENSAO OFTALMICA FRASCO 5ML,COM ESTOQUE
Gama,19993,SES-DF,BRINZOLAMIDA 10MG/ML SUSPENSAO OFTALMICA FRASCO 5ML,COM ESTOQUE
Ceilândia,38188,SES-DF,"BROMETO DE TIOTRÓPIO + CLORIDRATO DE VILANTEROL 62,5MG + 25MCG",COM ESTOQUE
Asa Sul,38188,SES-DF,"BROMETO DE TIOTRÓPIO MONOIDRATADO + CLORIDRATO DE OLODATEROL 2,5 + 2,5 MCG SOLUÇÃO PARA INALAÇÃO",COM ESTOQUE
Gama,38188,SES-DF,"BROMETO DE TIOTRÓPIO MONOIDRATADO + CLORIDRATO DE OLODATEROL 2,5 + 2,5 MCG SOLUÇÃO PARA INALAÇÃO",SEM ESTOQUE
Asa Sul,38187,SES-DF,"BROMETO DE UMECLIDÍNIO + TRIFENATATO DE VILANTEROL 62,5 + 25 MCG PÓ INAL",COM ESTOQUE
Gama,38187,SES-DF,"BROMETO DE UMECLIDÍNIO + TRIFENATATO DE VILANTEROL 62,5 + 25MCG",SEM ESTOQUE
Ceilândia,38187,SES-DF,"BROMETO DE UMECLIDÍNIO + TRIFENATATO E OLODATEROL 2,5MCG + 2,5MCG",COM ESTOQUE
Asa Sul,MS38404,Ministério da Saúde,BUROSUMABE 10 MG/ML SOLUÇÃO INJETÁVEL,COM ESTOQUE
Asa Sul,MS38406,Ministério da Saúde,BUROSUMABE 20 MG/ML SOLUÇÃO INJETÁVEL,COM ESTOQUE
Asa Sul,MS38407,Ministério da Saúde,BUROSUMABE 30 MG/ML SOLUÇÃO INJETÁVEL,COM ESTOQUE
Asa Sul,MS607,Ministério da Saúde,"CABERGOLINA COMPRIMIDO 0,5MG",COM ESTOQUE
Gama,607,SES-DF,"CABERGOLINA COMPRIMIDO 0,5MG",SEM ESTOQUE
Gama,MS607,Ministério da Saúde,"CABERGOLINA COMPRIMIDO 0,5MG",COM ESTOQUE
Ceilândia,MS607,Ministério da Saúde,"CABERGOLINA COMPRIMIDO 0,5MG (EXCLUSIVO GCEAF)",COM ESTOQUE
Asa Sul,609,SES-DF,"CALCITONINA SINTETICA DE SALMAO 200UI/DOSE FRASCO SPRAY NASAL 2,0ML",COM ESTOQUE
Ceilândia,609,SES-DF,"CALCITONINA SINTETICA DE SALMAO 200UI/DOSE FRASCO SPRAY NASAL 2,0ML",COM ESTOQUE
Asa Sul,19709,SES-DF,"CALCITRIOL CAPSULA 0,25MCG",COM ESTOQUE
Ceilândia,19709,SES-DF,"CALCITRIOL CAPSULA 0,25MCG",SEM ESTOQUE
Gama,19709,SES-DF,"CALCITRIOL CAPSULA 0,25MCG",COM ESTOQUE
Asa Sul,MS31151,Ministério da Saúde,CERTOLIZUMABE PEGOL SOLUÇÃO INJETAVEL 200MG/ML SERINGA PREENCHIDA,COM ESTOQUE
Ceilândia,MS31151,Ministério da Saúde,CERTOLIZUMABE PEGOL SOLUÇÃO INJETAVEL 200MG/ML SERINGA PREENCHIDA,COM ESTOQUE
Gama,MS31151,Ministério da Saúde,CERTOLIZUMABE PEGOL SOLUÇÃO INJETAVEL 200MG/ML SERINGA PREENCHIDA,COM ESTOQUE
Asa Sul,90771,SES-DF,CICLOFOSFAMIDA COMPRIMIDO REVESTIDO DE LIBERACAO RETARDADA 50 MG,SEM ESTOQUE
Ceilândia,90771,SES-DF,CICLOFOSFAMIDA COMPRIMIDO REVESTIDO DE LIBERACAO RETARDADA 50 MG,SEM ESTOQUE
Gama,90771,SES-DF,CICLOFOSFAMIDA COMPRIMIDO REVESTIDO DE LIBERACAO RETARDADA 50 MG,SEM ESTOQUE
Asa Sul,90964,SES-DF,CICLOSPORINA CAPSULA PARA MICRO EMULSAO OU MODIFICADA 100MG,COM ESTOQUE
Ceilândia,90964,SES-DF,CICLOSPORINA CAPSULA PARA MICRO EMULSAO OU MODIFICADA 100MG,COM ESTOQUE
Gama,90964,SES-DF,CICLOSPORINA CAPSULA PARA MICRO EMULSAO OU MODIFICADA 100MG,COM ESTOQUE
Asa Sul,90962,SES-DF,CICLOSPORINA CAPSULA PARA MICRO EMULSAO OU MODIFICADA 25MG,COM ESTOQUE
Ceilândia,90962,SES-DF,CICLOSPORINA CAPSULA PARA MICRO EMULSAO OU MODIFICADA 25MG,COM ESTOQUE
Gama,90962,SES-DF,CICLOSPORINA CAPSULA PARA MICRO EMULSAO OU MODIFICADA 25MG,COM ESTOQUE
Asa Sul,90963,SES-DF,CICLOSPORINA CAPSULA PARA MICRO EMULSAO OU MODIFICADA 50 MG,COM ESTOQUE
Ceilândia,90963,SES-DF,CICLOSPORINA CAPSULA PARA MICRO EMULSAO OU MODIFICADA 50 MG,COM ESTOQUE
Gama,90963,SES-DF,CICLOSPORINA CAPSULA PARA MICRO EMULSAO OU MODIFICADA 50 MG,COM ESTOQUE
Asa Sul,90773,SES-DF,CICLOSPORINA SOLUÇAO ORAL 100 MG/ML FRASCO 50 ML COM DOSEADOR,SEM ESTOQUE
Ceilândia,90773,SES-DF,CICLOSPORINA SOLUÇAO ORAL 100 MG/ML FRASCO 50 ML COM DOSEADOR,SEM ESTOQUE
Gama,90773,SES-DF,CICLOSPORINA SOLUÇAO ORAL 100 MG/ML FRASCO 50 ML COM DOSEADOR,SEM ESTOQUE
Asa Sul,MS25336,Ministério da Saúde,CINACALCETE (CLORIDRATO) COMPRIMIDO REVESTIDO 30 MG,COM ESTOQUE
Ceilândia,MS25336,Ministério da Saúde,CINACALCETE (CLORIDRATO) COMPRIMIDO REVESTIDO 30 MG,COM ESTOQUE
Gama,MS25336,Ministério da Saúde,CINACALCETE (CLORIDRATO) COMPRIMIDO REVESTIDO 30 MG,COM ESTOQUE
Ceilândia,25336,SES-DF,CINACALCETE (CLORIDRATO) COMPRIMIDO REVESTIDO 30MG ELENCO ESTADUAL,COM ESTOQUE
Asa Sul,MS31537,Ministério da Saúde,CINACALCETE (CLORIDRATO) COMPRIMIDO REVESTIDO 60 MG,COM ESTOQUE
Ceilândia,MS31537,Ministério da Saúde,CINACALCETE (CLORIDRATO) COMPRIMIDO REVESTIDO 60 MG,COM ESTOQUE
Gama,MS31537,Ministério da Saúde,CINACALCETE (CLORIDRATO) COMPRIMIDO REVESTIDO 60 MG,COM ESTOQUE
Asa Sul,13814,SES-DF,CIPROFIBRATO COMPRIMIDO 100MG,SEM ESTOQUE
Ceilândia,13814,SES-DF,CIPROFIBRATO COMPRIMIDO 100MG,SEM ESTOQUE
Gama,13814,SES-DF,CIPROFIBRATO COMPRIMIDO 100MG,SEM ESTOQUE
Ceilândia,90902,SES-DF,"CIPROFLOXACINO, CLORIDRATO 500 MG",SEM ESTOQUE
Asa Sul,90902,SES-DF,"CIPROFLOXACINO, CLORIDRATO COMPRIMIDO 500 MG",COM ESTOQUE
Gama,90902,SES-DF,"CIPROFLOXACINO, CLORIDRATO COMPRIMIDO 500 MG",COM ESTOQUE
Asa Sul,5270,SES-DF,CITALOPRAM COMPRIMIDO OU COMPRIMIDO REVESTIDO 20MG,COM ESTOQUE
Ceilândia,5270,SES-DF,CITALOPRAM COMPRIMIDO OU COMPRIMIDO REVESTIDO 20MG,COM ESTOQUE
Gama,5270,SES-DF,CITALOPRAM COMPRIMIDO OU COMPRIMIDO REVESTIDO 20MG,COM ESTOQUE
Asa Sul,8763,SES-DF,CLOBAZAM COMPRIMIDO 10MG,COM ESTOQUE
Ceilândia,8763,SES-DF,CLOBAZAM COMPRIMIDO 10MG,COM ESTOQUE
Gama,8763,SES-DF,CLOBAZAM COMPRIMIDO 10MG,COM ESTOQUE
Asa Sul,4630,SES-DF,CLOZAPINA COMPRIMIDO 100MG,COM ESTOQUE
Asa Sul,MS4630,Ministério da Saúde,CLOZAPINA COMPRIMIDO 100MG,COM ESTOQUE
Ceilândia,4630,SES-DF,CLOZAPINA COMPRIMIDO 100MG,COM ESTOQUE
Ceilândia,MS4630,Ministério da Saúde,CLOZAPINA COMPRIMIDO 100MG,COM ESTOQUE
Gama,4630,SES-DF,CLOZAPINA COMPRIMIDO 100MG,COM ESTOQUE
Gama,MS4630,Ministério da Saúde,CLOZAPINA COMPRIMIDO 100MG,COM ESTOQUE
Asa Sul,MS10391,Ministério da Saúde,CLOZAPINA COMPRIMIDO 25MG,COM ESTOQUE
Ceilândia,MS10391,Ministério da Saúde,CLOZAPINA COMPRIMIDO 25MG,COM ESTOQUE
Gama,MS10391,Ministério da Saúde,CLOZAPINA COMPRIMIDO 25MG,COM ESTOQUE
Asa Sul,612,SES-DF,CODEINA (FOSFATO) COMPRIMIDO 30MG,COM ESTOQUE
Ceilândia,612,SES-DF,CODEINA (FOSFATO) COMPRIMIDO 30MG,COM ESTOQUE
Gama,612,SES-DF,CODEINA (FOSFATO) COMPRIMIDO 30MG,COM ESTOQUE
Asa Sul,19526,SES-DF,COLISTIMETATO SODICO PO PARA SOLUCAO INALATORIA E INJETAVEL 1.000.000 UI FRASCO,SEM ESTOQUE
Ceilândia,19526,SES-DF,COLISTIMETATO SODICO PO PARA SOLUCAO INALATORIA E INJETAVEL 1.000.000 UI FRASCO,COM ESTOQUE
Gama,19526,SES-DF,COLISTIMETATO SODICO PO PARA SOLUCAO INALATORIA E INJETAVEL 1.000.000 UI FRASCO,SEM ESTOQUE
Asa Sul,17725,SES-DF,COMPLEMENTO ALIMENTAR P/ PACIENTE FENILCETONURICO A PARTIR DE 8 ANOS DE IDADE,SEM ESTOQUE
Ceilândia,17725,SES-DF,COMPLEMENTO ALIMENTAR P/ PACIENTE FENILCETONURICO A PARTIR DE 8 ANOS DE IDADE,SEM ESTOQUE
Gama,17725,SES-DF,COMPLEMENTO ALIMENTAR P/ PACIENTE FENILCETONURICO A PARTIR DE 8 ANOS DE IDADE,COM ESTOQUE
Asa Sul,17728,SES-DF,COMPLEMENTO ALIMENTAR P/ PACIENTE FENILCETONURICO DE 1 A 8 ANOS DE IDADE,COM ESTOQUE
Ceilândia,17728,SES-DF,COMPLEMENTO ALIMENTAR P/ PACIENTE FENILCETONURICO DE 1 A 8 ANOS DE IDADE,COM ESTOQUE
Gama,17728,SES-DF,COMPLEMENTO ALIMENTAR P/ PACIENTE FENILCETONURICO DE 1 A 8 ANOS DE IDADE,COM ESTOQUE
Asa Sul,17726,SES-DF,COMPLEMENTO ALIMENTAR P/ PACIENTE FENILCETONURICO MENOR DE 1 ANO,SEM ESTOQUE
Ceilândia,17726,SES-DF,COMPLEMENTO ALIMENTAR P/ PACIENTE FENILCETONURICO MENOR DE 1 ANO,SEM ESTOQUE
Gama,17726,SES-DF,COMPLEMENTO ALIMENTAR P/ PACIENTE FENILCETONURICO MENOR DE 1 ANO,SEM ESTOQUE
Asa Sul,5720,SES-DF,DANAZOL CÁPSULA 100 MG,SEM ESTOQUE
Gama,5720,SES-DF,DANAZOL CÁPSULA 100 MG,SEM ESTOQUE
Asa Sul,36801,SES-DF,DAPAGLIFLOZINA 10MG COMP REVESTIDO,SEM ESTOQUE
Ceilândia,36801,SES-DF,DAPAGLIFLOZINA 10MG COMP REVESTIDO,SEM ESTOQUE
Gama,36801,SES-DF,DAPAGLIFLOZINA 10MG COMP REVESTIDO,SEM ESTOQUE
Asa Sul,MS203386,Ministério da Saúde,DEFERASIROX COMPRIMIDO DISPERSIVEL 125MG,SEM ESTOQUE
Ceilândia,MS203386,Ministério da Saúde,DEFERASIROX COMPRIMIDO DISPERSIVEL 125MG,SEM ESTOQUE
Gama,MS203386,Ministério da Saúde,DEFERASIROX COMPRIMIDO DISPERSIVEL 125MG,SEM ESTOQUE
Asa Sul,MS203385,Ministério da Saúde,DEFERASIROX COMPRIMIDO DISPERSÍVEL 250MG,COM ESTOQUE
Ceilândia,MS203385,Ministério da Saúde,DEFERASIROX COMPRIMIDO DISPERSÍVEL 250MG,COM ESTOQUE
Gama,MS203385,Ministério da Saúde,DEFERASIROX COMPRIMIDO DISPERSÍVEL 250MG,COM ESTOQUE
Asa Sul,MS203384,Ministério da Saúde,DEFERASIROX COMPRIMIDO DISPERSÍVEL 500MG,COM ESTOQUE
Ceilândia,MS203384,Ministério da Saúde,DEFERASIROX COMPRIMIDO DISPERSÍVEL 500MG,COM ESTOQUE
Gama,MS203384,Ministério da Saúde,DEFERASIROX COMPRIMIDO DISPERSÍVEL 500MG,COM ESTOQUE
Ceilândia,SES,SES-DF,DEFERIPRONA 500MG COMP,COM ESTOQUE
Asa Sul,30990,SES-DF,DEFERIPRONA COMPRIMIDO 500MG,COM ESTOQUE
Gama,30990,SES-DF,DEFERIPRONA COMPRIMIDO 500MG,COM ESTOQUE
Asa Sul,90860,SES-DF,DESFERROXAMINA (MESILATO) PO PARA SOLUCAO INJETAVEL 500MG FRASCO AMPOLA,COM ESTOQUE
Ceilândia,90860,SES-DF,DESFERROXAMINA (MESILATO) PO PARA SOLUCAO INJETAVEL 500MG FRASCO AMPOLA,SEM ESTOQUE
Gama,90860,SES-DF,DESFERROXAMINA (MESILATO) PO PARA SOLUCAO INJETAVEL 500MG FRASCO AMPOLA,SEM ESTOQUE
Asa Sul,MS2198,Ministério da Saúde,"DESMOPRESSINA SPRAY NASAL 0,1MG/ML FRASCO 2,5ML",COM ESTOQUE
Ceilândia,MS2198,Ministério da Saúde,"DESMOPRESSINA SPRAY NASAL 0,1MG/ML FRASCO 2,5ML",COM ESTOQUE
Gama,MS2198,Ministério da Saúde,"DESMOPRESSINA SPRAY NASAL 0,1MG/ML FRASCO 2,5ML",COM ESTOQUE
Ceilândia,35337,SES-DF,DICLORIDRATO DE SAPROPTERINA 100MG,COM ESTOQUE
Gama,35337,SES-DF,DICLORIDRATO DE SAPROPTERINA 100MG COMP,COM ESTOQUE
Asa Sul,MS542,Ministério da Saúde,DONEPEZILA COMPRIMIDO 10MG,COM ESTOQUE
Ceilândia,MS542,Ministério da Saúde,DONEPEZILA COMPRIMIDO 10MG,COM ESTOQUE
Gama,MS542,Ministério da Saúde,DONEPEZILA COMPRIMIDO 10MG,COM ESTOQUE
Asa Sul,MS538,Ministério da Saúde,DONEPEZILA COMPRIMIDO 5MG,COM ESTOQUE
Ceilândia,MS538,Ministério da Saúde,DONEPEZILA COMPRIMIDO 5MG,COM ESTOQUE
Gama,MS538,Ministério da Saúde,DONEPEZILA COMPRIMIDO 5MG,COM ESTOQUE
Asa Sul,21035,SES-DF,DORZOLAMIDA (CLORIDRATO) SOLUCAO OFTALMICA 2 % FRASCO 5 ML,COM ESTOQUE
Ceilândia,21035,SES-DF,DORZOLAMIDA (CLORIDRATO) SOLUCAO OFTALMICA 2 % FRASCO 5 ML,COM ESTOQUE
Gama,21035,SES-DF,DORZOLAMIDA (CLORIDRATO) SOLUCAO OFTALMICA 2 % FRASCO 5 ML,COM ESTOQUE
Ceilândia,MS22635,Ministério da Saúde,ECULIZUMABE 10MG/ML FRASCO 30ML,COM ESTOQUE
Asa Sul,MS22635,Ministério da Saúde,ECULIZUMABE 10MG/ML SOLUÇÃO INJETÁVEL 30ML,COM ESTOQUE
Gama,MS22635,Ministério da Saúde,ECULIZUMABE 10MG/ML SOLUÇÃO INJETÁVEL 30ML,COM ESTOQUE
Asa Sul,28719,SES-DF,ELTROMBOPAG OLAMINA COMPRIMIDO REVESTIDO 25 MG,SEM ESTOQUE
Ceilândia,28719,SES-DF,ELTROMBOPAG OLAMINA COMPRIMIDO REVESTIDO 25 MG,SEM ESTOQUE
Gama,28719,SES-DF,ELTROMBOPAG OLAMINA COMPRIMIDO REVESTIDO 25 MG,SEM ESTOQUE
Asa Sul,MS90427,Ministério da Saúde,"ENOXAPARINA SÓDICA 40 MG SOL INJ (SER PREENC) 0,4 ML",COM ESTOQUE
Ceilândia,MS90427,Ministério da Saúde,"ENOXAPARINA SÓDICA 40 MG SOL INJ (SER PREENC) 0,4 ML",COM ESTOQUE
Gama,MS90427,Ministério da Saúde,"ENOXAPARINA SÓDICA 40 MG SOL INJ (SER PREENC) 0,4 ML",COM ESTOQUE
Asa Sul,MS90426,Ministério da Saúde,"ENOXAPARINA SÓDICA 60 MG SOL INJ (SER PREENC) 0,6 ML",SEM ESTOQUE
Gama,MS90426,Ministério da Saúde,"ENOXAPARINA SÓDICA 60 MG SOL INJ (SER PREENC) 0,6 ML",COM ESTOQUE
Asa Sul,MS623,Ministério da Saúde,ENTACAPONA COMPRIMIDO REVESTIDO 200 MG,COM ESTOQUE
Ceilândia,MS623,Ministério da Saúde,ENTACAPONA COMPRIMIDO REVESTIDO 200 MG,COM ESTOQUE
Gama,MS623,Ministério da Saúde,ENTACAPONA COMPRIMIDO REVESTIDO 200 MG,COM ESTOQUE
Asa Sul,MS21833,Ministério da Saúde,ETANERCEPTE (BIOSSIMILAR BIO-MANGUINHOS) 50 MG SOL INJ (FR-AMP OU SER PREENC),COM ESTOQUE
Gama,MS21833,Ministério da Saúde,ETANERCEPTE (BIOSSIMILAR BIO-MANGUINHOS) 50 MG SOL INJ (FR-AMP OU SER PREENC),COM ESTOQUE
Ceilândia,MS21833,Ministério da Saúde,ETANERCEPTE (BIOSSIMILAR BIO-MANGUINHOS) 50 MG SOL INJ (FR-AMP OU SER PREENC) GRUPO 1.A,COM ESTOQUE
Asa Sul,MS21833,Ministério da Saúde,ETANERCEPTE (PFIZER/ENBREL®) 50 MG PÓ LIOF INJ (FR-AMP OU SER PREENC),COM ESTOQUE
Gama,MS21833,Ministério da Saúde,ETANERCEPTE (PFIZER/ENBREL®) 50 MG PÓ LIOF INJ (FR-AMP OU SER PREENC),COM ESTOQUE
Ceilândia,MS21833,Ministério da Saúde,ETANERCEPTE (PFIZER/ENBREL®) 50 MG PÓ LIOF INJ (FR-AMP OU SER PREENC) GRUPO 1.A,COM ESTOQUE
Ceilândia,21833,SES-DF,ETANERCEPTE 50 MG SOL INJ (FR-AMP OU SER PREENC) ELENCO ESTADUAL,SEM ESTOQUE
Asa Sul,MS7762,Ministério da Saúde,ETANERCEPTE PO LIOFILIZADO PARA INJETAVEL 25MG FRASCO AMPOLA + SOLUCAO DILUENTE (PACIENTES < 18 ANOS),COM ESTOQUE
Ceilândia,MS7762,Ministério da Saúde,ETANERCEPTE PO LIOFILIZADO PARA INJETAVEL 25MG FRASCO AMPOLA + SOLUCAO DILUENTE (PACIENTES < 18 ANOS),COM ESTOQUE
Gama,MS7762,Ministério da Saúde,ETANERCEPTE PO LIOFILIZADO PARA INJETAVEL 25MG FRASCO AMPOLA + SOLUCAO DILUENTE (PACIENTES < 18 ANOS),COM ESTOQUE
Asa Sul,21686,SES-DF,ETOSSUXIMIDA XAROPE 50MG/ML FRASCO 120ML,SEM ESTOQUE
Ceilândia,21686,SES-DF,ETOSSUXIMIDA XAROPE 50MG/ML FRASCO 120ML,SEM ESTOQUE
Gama,21686,SES-DF,ETOSSUXIMIDA XAROPE 50MG/ML FRASCO 120ML,SEM ESTOQUE
Asa Sul,MS13226,Ministério da Saúde,"EVEROLIMO COMPRIMIDO 0,5MG",COM ESTOQUE
Ceilândia,MS13226,Ministério da Saúde,"EVEROLIMO COMPRIMIDO 0,5MG",COM ESTOQUE
Gama,MS13226,Ministério da Saúde,"EVEROLIMO COMPRIMIDO 0,5MG",COM ESTOQUE
Asa Sul,MS23202,Ministério da Saúde,"EVEROLIMO COMPRIMIDO 0,75MG",COM ESTOQUE
Ceilândia,MS23202,Ministério da Saúde,"EVEROLIMO COMPRIMIDO 0,75MG",COM ESTOQUE
Gama,MS23202,Ministério da Saúde,"EVEROLIMO COMPRIMIDO 0,75MG",COM ESTOQUE
Asa Sul,MS13228,Ministério da Saúde,EVEROLIMO COMPRIMIDO 1MG,COM ESTOQUE
Ceilândia,MS13228,Ministério da Saúde,EVEROLIMO COMPRIMIDO 1MG,COM ESTOQUE
Gama,MS13228,Ministério da Saúde,EVEROLIMO COMPRIMIDO 1MG,COM ESTOQUE
Asa Sul,37690,SES-DF,"EXTRATO MEDICINAL, ÓLEO DE CANABIDIOL 200 MG/ML SOLUÇÃO ORAL 30 ML",SEM ESTOQUE
Ceilândia,37690,SES-DF,"EXTRATO MEDICINAL, ÓLEO DE CANABIDIOL 200 MG/ML SOLUÇÃO ORAL 30 ML",SEM ESTOQUE
Gama,37690,SES-DF,"EXTRATO MEDICINAL, ÓLEO DE CANABIDIOL 200 MG/ML SOLUÇÃO ORAL 30 ML",SEM ESTOQUE
Asa Sul,MS90969,Ministério da Saúde,FILGRASTIM SOLUCAO INJETAVEL 300MCG SERINGA PREENCHIDA OU FRASCO-AMPOLA,COM ESTOQUE
Ceilândia,MS90969,Ministério da Saúde,FILGRASTIM SOLUCAO INJETAVEL 300MCG SERINGA PREENCHIDA OU FRASCO-AMPOLA,COM ESTOQUE
Gama,MS90969,Ministério da Saúde,FILGRASTIM SOLUCAO INJETAVEL 300MCG SERINGA PREENCHIDA OU FRASCO-AMPOLA,COM ESTOQUE
Asa Sul,MS33272,Ministério da Saúde,"FINGOLIMODE (CLORIDRATO) CAPSULA 0,5 MG",COM ESTOQUE
Ceilândia,MS33272,Ministério da Saúde,"FINGOLIMODE (CLORIDRATO) CAPSULA 0,5 MG",COM ESTOQUE
Gama,MS33272,Ministério da Saúde,"FINGOLIMODE (CLORIDRATO) CAPSULA 0,5 MG",COM ESTOQUE
Asa Sul,627,SES-DF,"FLUDROCORTISONA COMPRIMIDO 0,1MG",SEM ESTOQUE
Ceilândia,627,SES-DF,"FLUDROCORTISONA COMPRIMIDO 0,1MG",SEM ESTOQUE
Gama,627,SES-DF,"FLUDROCORTISONA COMPRIMIDO 0,1MG",SEM ESTOQUE
Asa Sul,13810,SES-DF,FORMOTEROL (FUMARATO) + BUDESONIDA PO INALANTE (12MCG +400MCG)/DOSE FRASCO COM 60 DOSES COM INALADOR,SEM ESTOQUE
Ceilândia,13810,SES-DF,FORMOTEROL (FUMARATO) + BUDESONIDA PO INALANTE (12MCG +400MCG)/DOSE FRASCO COM 60 DOSES COM INALADOR,SEM ESTOQUE
Gama,13810,SES-DF,FORMOTEROL (FUMARATO) + BUDESONIDA PO INALANTE (12MCG +400MCG)/DOSE FRASCO COM 60 DOSES COM INALADOR,SEM ESTOQUE
Asa Sul,638,SES-DF,FORMOTEROL (FUMARATO) +BUDESONIDA PO INALANTE (6MCG +200MCG)/DOSE FRASCO COM 60 DOSES COM INALADOR,SEM ESTOQUE
Ceilândia,638,SES-DF,FORMOTEROL (FUMARATO) +BUDESONIDA PO INALANTE (6MCG +200MCG)/DOSE FRASCO COM 60 DOSES COM INALADOR,SEM ESTOQUE
Gama,638,SES-DF,FORMOTEROL (FUMARATO) +BUDESONIDA PO INALANTE (6MCG +200MCG)/DOSE FRASCO COM 60 DOSES COM INALADOR,SEM ESTOQUE
Asa Sul,31580,SES-DF,FORMOTEROL (FUMARATO) PO INALANTE 12MCG/DOSE CAPSULA + INALADOR,SEM ESTOQUE
Ceilândia,31580,SES-DF,FORMOTEROL (FUMARATO) PO INALANTE 12MCG/DOSE CAPSULA + INALADOR,SEM ESTOQUE
Gama,31580,SES-DF,FORMOTEROL (FUMARATO) PO INALANTE 12MCG/DOSE CAPSULA + INALADOR,SEM ESTOQUE
Ceilândia,,Ministério da Saúde,FUMARATO DE DIMETILA 120 MG COMPRIMIDO,SEM ESTOQUE
Asa Sul,MS36108,Ministério da Saúde,FUMARATO DE DIMETILA 240 MG COMPRIMIDO,COM ESTOQUE
Ceilândia,MS36194,Ministério da Saúde,FUMARATO DE DIMETILA 240 MG COMPRIMIDO,COM ESTOQUE
Gama,MS36108,Ministério da Saúde,FUMARATO DE DIMETILA 240 MG COMPRIMIDO,COM ESTOQUE
Asa Sul,5312,SES-DF,GABAPENTINA CAPSULA 300MG,COM ESTOQUE
Ceilândia,5312,SES-DF,GABAPENTINA CAPSULA 300MG,COM ESTOQUE
Gama,5312,SES-DF,GABAPENTINA CAPSULA 300MG,COM ESTOQUE
Asa Sul,4822,SES-DF,GABAPENTINA CAPSULA 400MG,SEM ESTOQUE
Ceilândia,4822,SES-DF,GABAPENTINA CAPSULA 400MG,SEM ESTOQUE
Gama,4822,SES-DF,GABAPENTINA CAPSULA 400MG,SEM ESTOQUE
Asa Sul,MS21069,Ministério da Saúde,GALANTAMINA (HIDROBROMETO) CAPSULA DE LIBERAÇÃO PROLONGADA 8MG,COM ESTOQUE
Ceilândia,MS21069,Ministério da Saúde,GALANTAMINA (HIDROBROMETO) CAPSULA DE LIBERAÇÃO PROLONGADA 8MG,COM ESTOQUE
Gama,MS21069,Ministério da Saúde,GALANTAMINA (HIDROBROMETO) CAPSULA DE LIBERAÇÃO PROLONGADA 8MG,COM ESTOQUE
Asa Sul,MS15101,Ministério da Saúde,GALANTAMINA (HIDROBROMETO) CAPSULA LIBERAÇAO PROLONGADA 16MG,COM ESTOQUE
Ceilândia,MS15101,Ministério da Saúde,GALANTAMINA (HIDROBROMETO) CAPSULA LIBERAÇAO PROLONGADA 16MG,COM ESTOQUE
Gama,MS15101,Ministério da Saúde,GALANTAMINA (HIDROBROMETO) CAPSULA LIBERAÇAO PROLONGADA 16MG,COM ESTOQUE
Asa Sul,MS15503,Ministério da Saúde,GALANTAMINA (HIDROBROMETO) CAPSULA LIBERAÇAO PROLONGADA 24MG,COM ESTOQUE
Ceilândia,MS15503,Ministério da Saúde,GALANTAMINA (HIDROBROMETO) CAPSULA LIBERAÇAO PROLONGADA 24MG,COM ESTOQUE
Gama,MS15503,Ministério da Saúde,GALANTAMINA (HIDROBROMETO) CAPSULA LIBERAÇAO PROLONGADA 24MG,COM ESTOQUE
Asa Sul,MS11920,Ministério da Saúde,GALSULFASE 1 MG/ML SOLUÇÃO INJETÁVEL 5 ML,SEM ESTOQUE
Ceilândia,MS11920,Ministério da Saúde,GALSULFASE 1 MG/ML SOLUÇÃO INJETÁVEL 5 ML,COM ESTOQUE
Asa Sul,13819,SES-DF,GENFIBROZILA COMPRIMIDO 600MG,SEM ESTOQUE
Ceilândia,13819,SES-DF,GENFIBROZILA COMPRIMIDO 600MG,SEM ESTOQUE
Gama,13819,SES-DF,GENFIBROZILA COMPRIMIDO 600MG,SEM ESTOQUE
Asa Sul,MS36672,Ministério da Saúde,GLATIRAMER PO LIOFILIZADO OU SOLUÇÃO INJETAVEL 40MG FRASCO-AMPOLA OU SERINGA PREENCHIDA 1ML,COM ESTOQUE
Ceilândia,MS36672,Ministério da Saúde,GLATIRAMER PO LIOFILIZADO OU SOLUÇÃO INJETAVEL 40MG FRASCO-AMPOLA OU SERINGA PREENCHIDA 1ML,COM ESTOQUE
Gama,MS36672,Ministério da Saúde,GLATIRAMER PO LIOFILIZADO OU SOLUÇÃO INJETAVEL 40MG FRASCO-AMPOLA OU SERINGA PREENCHIDA 1ML,COM ESTOQUE
Asa Sul,34492,SES-DF,GLICOPIRRONIO (BROMETO) 50 MCG CAPSULA PARA INALAÇÃO,SEM ESTOQUE
Gama,34492,SES-DF,GLICOPIRRONIO (BROMETO) 50 MCG CAPSULA PARA INALAÇÃO,SEM ESTOQUE
Ceilândia,34492,SES-DF,GLICOPIRRÔNIO 50MCG CÁPSULA COM INALADOR,SEM ESTOQUE
Asa Sul,MS29141,Ministério da Saúde,"GOLIMUMABE SOLUÇAO INJETAVEL 50 MG/0,5 ML SERINGA PREENCHIDA",COM ESTOQUE
Ceilândia,MS29141,Ministério da Saúde,"GOLIMUMABE SOLUÇAO INJETAVEL 50 MG/0,5 ML SERINGA PREENCHIDA",COM ESTOQUE
Gama,MS29141,Ministério da Saúde,"GOLIMUMABE SOLUÇAO INJETAVEL 50 MG/0,5 ML SERINGA PREENCHIDA",COM ESTOQUE
Asa Sul,10158,SES-DF,"GOSSERRELINA (ACETATO) 10,80 MG INJETÁVEL DE LIBERAÇÃO PROLONGADA (SERINDA PREENCHIDA)",COM ESTOQUE
Ceilândia,10158,SES-DF,"GOSSERRELINA (ACETATO) 10,80 MG INJETÁVEL DE LIBERAÇÃO PROLONGADA (SERINDA PREENCHIDA)",COM ESTOQUE
Gama,10158,SES-DF,"GOSSERRELINA (ACETATO) 10,80 MG INJETÁVEL DE LIBERAÇÃO PROLONGADA (SERINDA PREENCHIDA)",COM ESTOQUE
Asa Sul,3870,SES-DF,HIDROXICLOROQUINA COMPRIMIDO 400MG,SEM ESTOQUE
Ceilândia,3870,SES-DF,HIDROXICLOROQUINA COMPRIMIDO 400MG,SEM ESTOQUE
Gama,3870,SES-DF,HIDROXICLOROQUINA COMPRIMIDO 400MG,SEM ESTOQUE
Asa Sul,90666,SES-DF,HIDROXIUREIA (HIDROXICARBAMIDA) CAPSULA 500MG,COM ESTOQUE
Ceilândia,90666,SES-DF,HIDROXIUREIA (HIDROXICARBAMIDA) CAPSULA 500MG,COM ESTOQUE
Gama,90666,SES-DF,HIDROXIUREIA (HIDROXICARBAMIDA) CAPSULA 500MG,COM ESTOQUE
Ceilândia,i_cod,i_abastecimento,i_desc_produto,i_disp_estoque
Gama,i_cod,i_abastecimento,i_desc_produto,i_disp_estoque
Gama,MS10489,Ministério da Saúde,IDURSULFASE ALFA 2 MG/ML SOL INJ (FR) 3 ML,COM ESTOQUE
Ceilândia,MS10489,Ministério da Saúde,IDURSULFASE ALFA 2 MG/ML SOL INJ (FR) 3 ML GRUPO 1.A,COM ESTOQUE
Asa Sul,35934,SES-DF,ILOPROSTA SOLUÇÃO PARA INALAÇÃO 10MCG/ML AMPOLA 1 ML,SEM ESTOQUE
Ceilândia,35934,SES-DF,ILOPROSTA SOLUÇÃO PARA INALAÇÃO 10MCG/ML AMPOLA 1 ML,SEM ESTOQUE
Gama,35934,SES-DF,ILOPROSTA SOLUÇÃO PARA INALAÇÃO 10MCG/ML AMPOLA 1 ML,SEM ESTOQUE
Asa Sul,MS23941,Ministério da Saúde,IMIGLUCERASE PO LIOFILO INJETAVEL 400U FRASCO-AMPOLA,COM ESTOQUE
Ceilândia,MS23941,Ministério da Saúde,IMIGLUCERASE PO LIOFILO INJETAVEL 400U FRASCO-AMPOLA,COM ESTOQUE
Gama,MS23941,Ministério da Saúde,IMIGLUCERASE PO LIOFILO INJETAVEL 400U FRASCO-AMPOLA,COM ESTOQUE
Asa Sul,MS90988,Ministério da Saúde,"IMUNOGLOBULINA HUMANA 5,0 G FRASCO",COM ESTOQUE
Ceilândia,MS90988,Ministério da Saúde,"IMUNOGLOBULINA HUMANA 5,0 G FRASCO",COM ESTOQUE
Gama,MS90988,Ministério da Saúde,"IMUNOGLOBULINA HUMANA 5,0 G FRASCO",COM ESTOQUE
Asa Sul,MS648,Ministério da Saúde,INFLIXIMABE (BIOSSIMILAR A) 10 MG/ML PÓ LIOF INJ (FR-AMP) 10 ML,COM ESTOQUE
Ceilândia,MS648,Ministério da Saúde,INFLIXIMABE (BIOSSIMILAR A) 10 MG/ML PÓ LIOF INJ (FR-AMP) 10 ML,COM ESTOQUE
Gama,MS648,Ministério da Saúde,INFLIXIMABE (BIOSSIMILAR A) 10 MG/ML PÓ LIOF INJ (FR-AMP) 10 ML,COM ESTOQUE
Asa Sul,648,SES-DF,INFLIXIMABE PO LIOFILIZADO PARA SOLUÇAO INJETAVEL 100 MG FRASCO-AMPOLA,COM ESTOQUE
Asa Sul,MS648,Ministério da Saúde,INFLIXIMABE PO LIOFILIZADO PARA SOLUÇAO INJETAVEL 100 MG FRASCO-AMPOLA,COM ESTOQUE
Ceilândia,648,SES-DF,INFLIXIMABE PO LIOFILIZADO PARA SOLUÇAO INJETAVEL 100 MG FRASCO-AMPOLA,COM ESTOQUE
Ceilândia,MS648,Ministério da Saúde,INFLIXIMABE PO LIOFILIZADO PARA SOLUÇAO INJETAVEL 100 MG FRASCO-AMPOLA,COM ESTOQUE
Gama,648,SES-DF,INFLIXIMABE PO LIOFILIZADO PARA SOLUÇAO INJETAVEL 100 MG FRASCO-AMPOLA,COM ESTOQUE
Gama,MS648,Ministério da Saúde,INFLIXIMABE PO LIOFILIZADO PARA SOLUÇAO INJETAVEL 100 MG FRASCO-AMPOLA,COM ESTOQUE
Ceilândia,MS90714,Ministério da Saúde,INSULINA ANÁLOGA DE AÇÃO RÁPIDA 100 UI/ML,COM ESTOQUE
Asa Sul,MS90714,Ministério da Saúde,INSULINA ANÁLOGA DE AÇÃO RÁPIDA 100 UI/ML TUBETE 3 ML,COM ESTOQUE
Gama,MS90714,Ministério da Saúde,INSULINA ANÁLOGA DE AÇÃO RÁPIDA 100 UI/ML TUBETE 3 ML,COM ESTOQUE
Ceilândia,202113,SES-DF,INSULINA DETEMIR 100 UI/ML COM SISTEMA DE APLICAÇÃO SOLUÇÃO INJETÁVEL,COM ESTOQUE
Asa Sul,202113,SES-DF,INSULINA DETEMIR 100 UI/ML COM SISTEMA DE APLICAÇÃO SOLUÇÃO INJETÁVEL TUBETE 3 ML,COM ESTOQUE
Gama,202113,SES-DF,INSULINA DETEMIR 100 UI/ML COM SISTEMA DE APLICAÇÃO SOLUÇÃO INJETÁVEL TUBETE 3 ML,COM ESTOQUE
Ceilândia,18120,SES-DF,INSULINA GLARGINA 100 UI/ML SOLUÇÃO INJETÁVEL,COM ESTOQUE
Asa Sul,18120,SES-DF,INSULINA GLARGINA 100 UI/ML SOLUÇÃO INJETÁVEL TUBETE 3 ML,COM ESTOQUE
Gama,18120,SES-DF,INSULINA GLARGINA 100 UI/ML SOLUÇÃO INJETÁVEL TUBETE 3 ML,COM ESTOQUE
Asa Sul,8460,SES-DF,ISOTRETINOINA CAPSULA 20MG,SEM ESTOQUE
Ceilândia,8460,SES-DF,ISOTRETINOINA CAPSULA 20MG,SEM ESTOQUE
Gama,8460,SES-DF,ISOTRETINOINA CAPSULA 20MG,SEM ESTOQUE
Asa Sul,MS38146,Ministério da Saúde,IVACAFTOR 150 MG COMPRIMIDO,SEM ESTOQUE
Asa Sul,35324,SES-DF,LACOSAMIDA COMPRIMIDO REVESTIDO 50 MG,COM ESTOQUE
Ceilândia,35324,SES-DF,LACOSAMIDA COMPRIMIDO REVESTIDO 50 MG,COM ESTOQUE
Gama,35324,SES-DF,LACOSAMIDA COMPRIMIDO REVESTIDO 50 MG,COM ESTOQUE
Asa Sul,1764,SES-DF,LAMOTRIGINA COMPRIMIDO 100MG,COM ESTOQUE
Ceilândia,1764,SES-DF,LAMOTRIGINA COMPRIMIDO 100MG,COM ESTOQUE
Gama,1764,SES-DF,LAMOTRIGINA COMPRIMIDO 100MG,COM ESTOQUE
Asa Sul,8835,SES-DF,LAMOTRIGINA COMPRIMIDO 25MG,COM ESTOQUE
Ceilândia,8835,SES-DF,LAMOTRIGINA COMPRIMIDO 25MG,SEM ESTOQUE
Gama,8835,SES-DF,LAMOTRIGINA COMPRIMIDO 25MG,COM ESTOQUE
Ceilândia,MS30993,Ministério da Saúde,LANREOTIDA 120 MG SOL INJ (SER PREENC),SEM ESTOQUE
Ceilândia,MS30992,Ministério da Saúde,LANREOTIDA 90 MG SOL INJ (SER PREENC),COM ESTOQUE
Asa Sul,MS30993,Ministério da Saúde,LANREOTIDA SOLUÇÃO INJETÁVEL 120MG SERINGA PREENCHIDA,COM ESTOQUE
Gama,MS30992,Ministério da Saúde,LANREOTIDA SOLUÇÃO INJETÁVEL 120MG SERINGA PREENCHIDA,COM ESTOQUE
Asa Sul,MS30992,Ministério da Saúde,LANREOTIDA SOLUÇÃO INJETÁVEL 90MG SERINGA PREENCHIDA,COM ESTOQUE
Asa Sul,MS21078,Ministério da Saúde,"LARONIDASE 0,58 MG/ML SOL INJ (FR) 5 ML",COM ESTOQUE
Ceilândia,MS21078,Ministério da Saúde,"LARONIDASE 0,58 MG/ML SOL INJ (FR) 5 ML",COM ESTOQUE
Asa Sul,MS8759,Ministério da Saúde,"LATANOPROSTA SOLUCAO OFTALMICA 50 MCG/ML FRASCO COM 2,5 ML",COM ESTOQUE
Ceilândia,MS8759,Ministério da Saúde,"LATANOPROSTA SOLUCAO OFTALMICA 50 MCG/ML FRASCO COM 2,5 ML",COM ESTOQUE
Gama,MS8759,Ministério da Saúde,"LATANOPROSTA SOLUCAO OFTALMICA 50 MCG/ML FRASCO COM 2,5 ML",COM ESTOQUE
Asa Sul,MS90087,Ministério da Saúde,LEFLUNOMIDA COMPRIMIDO 20MG,SEM ESTOQUE
Ceilândia,MS90087,Ministério da Saúde,LEFLUNOMIDA COMPRIMIDO 20MG,SEM ESTOQUE
Gama,MS90087,Ministério da Saúde,LEFLUNOMIDA COMPRIMIDO 20MG,SEM ESTOQUE
Ceilândia,90087,SES-DF,LEFLUNOMIDA COMPRIMIDO 20MG ELENCO ESTADUAL,SEM ESTOQUE
Asa Sul,MS33172,Ministério da Saúde,LEVETIRACETAM 100MG/ML SOLUÇÃO ORAL FRASCO 100ML,COM ESTOQUE
Ceilândia,MS33172,Ministério da Saúde,LEVETIRACETAM 100MG/ML SOLUÇÃO ORAL FRASCO 100ML,COM ESTOQUE
Gama,MS33172,Ministério da Saúde,LEVETIRACETAM 100MG/ML SOLUÇÃO ORAL FRASCO 100ML,COM ESTOQUE
Asa Sul,MS34558,Ministério da Saúde,LEVETIRACETAM 250 MG COMPRIMIDO REVESTIDO,COM ESTOQUE
Ceilândia,MS34558,Ministério da Saúde,LEVETIRACETAM 250 MG COMPRIMIDO REVESTIDO,COM ESTOQUE
Gama,MS34558,Ministério da Saúde,LEVETIRACETAM 250 MG COMPRIMIDO REVESTIDO,COM ESTOQUE
Asa Sul,MS34559,Ministério da Saúde,LEVETIRACETAM 750 MG COMPRIMIDO REVESTIDO,SEM ESTOQUE
Ceilândia,MS34559,Ministério da Saúde,LEVETIRACETAM 750 MG COMPRIMIDO REVESTIDO,SEM ESTOQUE
Gama,MS34559,Ministério da Saúde,LEVETIRACETAM 750 MG COMPRIMIDO REVESTIDO,SEM ESTOQUE
Asa Sul,MS20547,Ministério da Saúde,MEMANTINA CLORIDRATO 10 MG CÁPSULA LIBERAÇÃO CONTROLADA,COM ESTOQUE
Gama,MS20547,Ministério da Saúde,MEMANTINA CLORIDRATO 10 MG CÁPSULA LIBERAÇÃO CONTROLADA,COM ESTOQUE
Ceilândia,MS20547,Ministério da Saúde,"MEMANTINA, CLORIDRATO 10 MG CAP LIBERAÇÃO CONTROLADA",COM ESTOQUE
Ceilândia,38242,SES-DF,MEPOLIZUMABE 100MG/ML SOL. INJ.,SEM ESTOQUE
Asa Sul,36099,SES-DF,MEPOLIZUMABE PÓ PARA SOLUÇÃO INJETÁVEL 100 MG FRASCO OU CANETA APLICADORA OU SERINGA PREENCHIDA,SEM ESTOQUE
Gama,36099,SES-DF,MEPOLIZUMABE PÓ PARA SOLUÇÃO INJETÁVEL 100 MG FRASCO OU CANETA APLICADORA OU SERINGA PREENCHIDA,SEM ESTOQUE
Asa Sul,90187,SES-DF,MESALAZINA COMPRIMIDO 400 MG,COM ESTOQUE
Ceilândia,90187,SES-DF,MESALAZINA COMPRIMIDO 400 MG,COM ESTOQUE
Gama,90187,SES-DF,MESALAZINA COMPRIMIDO 400 MG,COM ESTOQUE
Asa Sul,202044,SES-DF,MESALAZINA COMPRIMIDO 800 MG,COM ESTOQUE
Ceilândia,202044,SES-DF,MESALAZINA COMPRIMIDO 800 MG,COM ESTOQUE
Gama,202044,SES-DF,MESALAZINA COMPRIMIDO 800 MG,COM ESTOQUE
Asa Sul,13802,SES-DF,MESALAZINA COMPRIMIDO DE LIBERAÇÃO PROLONGADA 500MG,COM ESTOQUE
Ceilândia,13802,SES-DF,MESALAZINA COMPRIMIDO DE LIBERAÇÃO PROLONGADA 500MG,COM ESTOQUE
Gama,13802,SES-DF,MESALAZINA COMPRIMIDO DE LIBERAÇÃO PROLONGADA 500MG,COM ESTOQUE
Asa Sul,35890,SES-DF,MESALAZINA ENEMA 10 MG/ML FRASCO 100 ML,SEM ESTOQUE
Ceilândia,35890,SES-DF,MESALAZINA ENEMA 10 MG/ML FRASCO 100 ML,SEM ESTOQUE
Gama,35890,SES-DF,MESALAZINA ENEMA 10 MG/ML FRASCO 100 ML,COM ESTOQUE
Asa Sul,35889,SES-DF,MESALAZINA SUPOSITORIO 1000 MG,SEM ESTOQUE
Ceilândia,35889,SES-DF,MESALAZINA SUPOSITORIO 1000 MG,SEM ESTOQUE
Gama,35889,SES-DF,MESALAZINA SUPOSITORIO 1000 MG,SEM ESTOQUE
Asa Sul,5870,SES-DF,MESALAZINA SUPOSITORIO 250 MG,COM ESTOQUE
Ceilândia,5870,SES-DF,MESALAZINA SUPOSITORIO 250 MG,COM ESTOQUE
Gama,5870,SES-DF,MESALAZINA SUPOSITORIO 250 MG,COM ESTOQUE
Asa Sul,654,SES-DF,METADONA (CLORIDRATO) COMPRIMIDO 10 MG,SEM ESTOQUE
Ceilândia,654,SES-DF,METADONA (CLORIDRATO) COMPRIMIDO 10 MG,SEM ESTOQUE
Gama,654,SES-DF,METADONA (CLORIDRATO) COMPRIMIDO 10 MG,SEM ESTOQUE
Asa Sul,202439,SES-DF,METILFENIDATO (CLORIDRATO) CAPSULA COM MICROGRANULOS DE LIBERACAO MODIFICADA 30MG,SEM ESTOQUE
Ceilândia,202439,SES-DF,METILFENIDATO (CLORIDRATO) CAPSULA COM MICROGRANULOS DE LIBERACAO MODIFICADA 30MG,SEM ESTOQUE
Gama,202439,SES-DF,METILFENIDATO (CLORIDRATO) CAPSULA COM MICROGRANULOS DE LIBERACAO MODIFICADA 30MG,SEM ESTOQUE
Asa Sul,15790,SES-DF,METILFENIDATO (CLORIDRATO) COMPRIMIDO 10 MG,SEM ESTOQUE
Ceilândia,15790,SES-DF,METILFENIDATO (CLORIDRATO) COMPRIMIDO 10 MG,SEM ESTOQUE
Gama,15790,SES-DF,METILFENIDATO (CLORIDRATO) COMPRIMIDO 10 MG,SEM ESTOQUE
Asa Sul,90776,SES-DF,"METOTREXATO COMPRIMIDO 2,5MG",COM ESTOQUE
Asa Sul,MS90776,Ministério da Saúde,"METOTREXATO COMPRIMIDO 2,5MG",COM ESTOQUE
Ceilândia,MS90776,Ministério da Saúde,"METOTREXATO COMPRIMIDO 2,5MG",COM ESTOQUE
Gama,90776,SES-DF,"METOTREXATO COMPRIMIDO 2,5MG",COM ESTOQUE
Gama,MS90776,Ministério da Saúde,"METOTREXATO COMPRIMIDO 2,5MG",COM ESTOQUE
Ceilândia,MS90777,Ministério da Saúde,METOTREXATO SOL. INJ 25MG,SEM ESTOQUE
Gama,MS90777,Ministério da Saúde,METOTREXATO SOLUÇÃO INJETÁVEL 25MG,COM ESTOQUE
Asa Sul,7056,SES-DF,MICOFENOLATO MOFETILA COMPRIMIDO 500 MG,COM ESTOQUE
Ceilândia,7056,SES-DF,MICOFENOLATO MOFETILA COMPRIMIDO 500 MG,COM ESTOQUE
Ceilândia,MS7056,Ministério da Saúde,MICOFENOLATO MOFETILA COMPRIMIDO 500 MG,COM ESTOQUE
Gama,7056,SES-DF,MICOFENOLATO MOFETILA COMPRIMIDO 500 MG,COM ESTOQUE
Asa Sul,MS7056,Ministério da Saúde,MICOFENOLATO MOFETILA COMPRIMIDO 500MG,COM ESTOQUE
Gama,MS7056,Ministério da Saúde,MICOFENOLATO MOFETILA COMPRIMIDO 500MG,COM ESTOQUE
Asa Sul,20187,SES-DF,MICOFENOLATO SODICO COMPRIMIDO 180MG,COM ESTOQUE
Asa Sul,MS20187,Ministério da Saúde,MICOFENOLATO SODICO COMPRIMIDO 180MG,COM ESTOQUE
Ceilândia,MS20187,Ministério da Saúde,MICOFENOLATO SODICO COMPRIMIDO 180MG,COM ESTOQUE
Gama,20187,SES-DF,MICOFENOLATO SODICO COMPRIMIDO 180MG,SEM ESTOQUE
Gama,MS20187,Ministério da Saúde,MICOFENOLATO SODICO COMPRIMIDO 180MG,COM ESTOQUE
Asa Sul,999,SES-DF,MICOFENOLATO SODICO COMPRIMIDO 360MG,COM ESTOQUE
Asa Sul,MS999,Ministério da Saúde,MICOFENOLATO SODICO COMPRIMIDO 360MG,COM ESTOQUE
Ceilândia,999,SES-DF,MICOFENOLATO SODICO COMPRIMIDO 360MG,COM ESTOQUE
Ceilândia,MS999,Ministério da Saúde,MICOFENOLATO SODICO COMPRIMIDO 360MG,COM ESTOQUE
Gama,999,SES-DF,MICOFENOLATO SODICO COMPRIMIDO 360MG,COM ESTOQUE
Gama,MS999,Ministério da Saúde,MICOFENOLATO SODICO COMPRIMIDO 360MG,COM ESTOQUE
Ceilândia,MS31156,Ministério da Saúde,MIGLUSTATE 100 MG CÁPSULAS,COM ESTOQUE
Asa Sul,5288,SES-DF,MIRTAZAPINA COMPRIMIDO REVESTIDO OU COMPRIMIDO ORODISPERSIVEL 30MG,COM ESTOQUE
Ceilândia,5288,SES-DF,MIRTAZAPINA COMPRIMIDO REVESTIDO OU COMPRIMIDO ORODISPERSIVEL 30MG,COM ESTOQUE
Gama,5288,SES-DF,MIRTAZAPINA COMPRIMIDO REVESTIDO OU COMPRIMIDO ORODISPERSIVEL 30MG,COM ESTOQUE
Asa Sul,4384,SES-DF,MIRTAZAPINA COMPRIMIDO REVESTIDO OU COMPRIMIDO ORODISPERSIVEL 45MG,COM ESTOQUE
Ceilândia,4384,SES-DF,MIRTAZAPINA COMPRIMIDO REVESTIDO OU COMPRIMIDO ORODISPERSIVEL 45MG,COM ESTOQUE
Gama,4384,SES-DF,MIRTAZAPINA COMPRIMIDO REVESTIDO OU COMPRIMIDO ORODISPERSIVEL 45MG,COM ESTOQUE
Asa Sul,665,SES-DF,MORFINA (SULFATO) CAPSULA LIBERAÇÃO CONTROLADA 30MG,SEM ESTOQUE
Ceilândia,665,SES-DF,MORFINA (SULFATO) CAPSULA LIBERAÇÃO CONTROLADA 30MG,SEM ESTOQUE
Gama,665,SES-DF,MORFINA (SULFATO) CAPSULA LIBERAÇÃO CONTROLADA 30MG,SEM ESTOQUE
Asa Sul,666,SES-DF,MORFINA (SULFATO) CAPSULA OU COMPRIMIDO DE LIBERAÇAO CONTROLADA 60MG,SEM ESTOQUE
Ceilândia,666,SES-DF,MORFINA (SULFATO) CAPSULA OU COMPRIMIDO DE LIBERAÇAO CONTROLADA 60MG,SEM ESTOQUE
Gama,666,SES-DF,MORFINA (SULFATO) CAPSULA OU COMPRIMIDO DE LIBERAÇAO CONTROLADA 60MG,SEM ESTOQUE
Asa Sul,90052,SES-DF,MORFINA (SULFATO) COMPRIMIDO 10MG,COM ESTOQUE
Ceilândia,90052,SES-DF,MORFINA (SULFATO) COMPRIMIDO 10MG,COM ESTOQUE
Gama,90052,SES-DF,MORFINA (SULFATO) COMPRIMIDO 10MG,COM ESTOQUE
Asa Sul,90041,SES-DF,MORFINA CAPSULA LIBERAÇÃO CONTROLADA 100 MG,COM ESTOQUE
Ceilândia,90041,SES-DF,MORFINA CAPSULA LIBERAÇÃO CONTROLADA 100 MG,COM ESTOQUE
Gama,90041,SES-DF,MORFINA CAPSULA LIBERAÇÃO CONTROLADA 100 MG,COM ESTOQUE
Asa Sul,90042,SES-DF,MORFINA COMPRIMIDO 30MG,COM ESTOQUE
Ceilândia,90042,SES-DF,MORFINA COMPRIMIDO 30MG,COM ESTOQUE
Gama,90042,SES-DF,MORFINA COMPRIMIDO 30MG,COM ESTOQUE
Asa Sul,17785,SES-DF,NAPROXENO COMPRIMIDO 500 MG,COM ESTOQUE
Ceilândia,17785,SES-DF,NAPROXENO COMPRIMIDO 500 MG,COM ESTOQUE
Gama,17785,SES-DF,NAPROXENO COMPRIMIDO 500 MG,COM ESTOQUE
Asa Sul,MS22531,Ministério da Saúde,NATALIZUMABE SOLUÇAO INJETAVEL 20 MG/ML FRASCO AMPOLA 15 ML,COM ESTOQUE
Ceilândia,MS22531,Ministério da Saúde,NATALIZUMABE SOLUÇAO INJETAVEL 20 MG/ML FRASCO AMPOLA 15 ML,COM ESTOQUE
Gama,MS22531,Ministério da Saúde,NATALIZUMABE SOLUÇAO INJETAVEL 20 MG/ML FRASCO AMPOLA 15 ML,COM ESTOQUE
Asa Sul,MS35176,Ministério da Saúde,"NUSINERSENA 2,4 MG/ML SOLUÇÃO INJETÁVEL 5 ML",COM ESTOQUE
Asa Sul,MS1489,Ministério da Saúde,OCTREOTIDA PO PARA SUSPENSAO INJETAVEL 20 MG FRASCO-AMPOLA + DILUENTE + SISTEMA DE APLICACAO,COM ESTOQUE
Ceilândia,MS1489,Ministério da Saúde,OCTREOTIDA PO PARA SUSPENSAO INJETAVEL 20 MG FRASCO-AMPOLA + DILUENTE + SISTEMA DE APLICACAO,COM ESTOQUE
Gama,MS1489,Ministério da Saúde,OCTREOTIDA PO PARA SUSPENSAO INJETAVEL 20 MG FRASCO-AMPOLA + DILUENTE + SISTEMA DE APLICACAO,COM ESTOQUE
Asa Sul,MS1490,Ministério da Saúde,OCTREOTIDA PO PARA SUSPENSAO INJETAVEL 30 MG FRASCO-AMPOLA + DILUENTE + SISTEMA DE APLICAÇAO,COM ESTOQUE
Ceilândia,MS1490,Ministério da Saúde,OCTREOTIDA PO PARA SUSPENSAO INJETAVEL 30 MG FRASCO-AMPOLA + DILUENTE + SISTEMA DE APLICAÇAO,COM ESTOQUE
Gama,MS1490,Ministério da Saúde,OCTREOTIDA PO PARA SUSPENSAO INJETAVEL 30 MG FRASCO-AMPOLA + DILUENTE + SISTEMA DE APLICAÇAO,COM ESTOQUE
Asa Sul,8784,SES-DF,OLANZAPINA COMPRIMIDO REVESTIDO 10MG,COM ESTOQUE
Asa Sul,MS8784,Ministério da Saúde,OLANZAPINA COMPRIMIDO REVESTIDO 10MG,COM ESTOQUE
Ceilândia,8784,SES-DF,OLANZAPINA COMPRIMIDO REVESTIDO 10MG,COM ESTOQUE
Ceilândia,MS8784,Ministério da Saúde,OLANZAPINA COMPRIMIDO REVESTIDO 10MG,COM ESTOQUE
Gama,8784,SES-DF,OLANZAPINA COMPRIMIDO REVESTIDO 10MG,COM ESTOQUE
Gama,MS8784,Ministério da Saúde,OLANZAPINA COMPRIMIDO REVESTIDO 10MG,COM ESTOQUE
Asa Sul,2533,SES-DF,OLANZAPINA COMPRIMIDO REVESTIDO 5MG,COM ESTOQUE
Asa Sul,MS2533,Ministério da Saúde,OLANZAPINA COMPRIMIDO REVESTIDO 5MG,COM ESTOQUE
Ceilândia,2533,SES-DF,OLANZAPINA COMPRIMIDO REVESTIDO 5MG,COM ESTOQUE
Ceilândia,MS2533,Ministério da Saúde,OLANZAPINA COMPRIMIDO REVESTIDO 5MG,COM ESTOQUE
Gama,2533,SES-DF,OLANZAPINA COMPRIMIDO REVESTIDO 5MG,COM ESTOQUE
Gama,MS2533,Ministério da Saúde,OLANZAPINA COMPRIMIDO REVESTIDO 5MG,COM ESTOQUE
Asa Sul,10157,SES-DF,OMALIZUMABE PO LIOFILIZADO PARA SOLUÇÃO INJETAVEL OU SOLUÇÃO INJETÁVEL 150 MG FRASCO AMPOLA OU SERINGA PREENCHIDA,SEM ESTOQUE
Ceilândia,10157,SES-DF,OMALIZUMABE PO LIOFILIZADO PARA SOLUÇÃO INJETAVEL OU SOLUÇÃO INJETÁVEL 150 MG FRASCO AMPOLA OU SERINGA PREENCHIDA,SEM ESTOQUE
Gama,10157,SES-DF,OMALIZUMABE PO LIOFILIZADO PARA SOLUÇÃO INJETAVEL OU SOLUÇÃO INJETÁVEL 150 MG FRASCO AMPOLA OU SERINGA PREENCHIDA,SEM ESTOQUE
Ceilândia,8764,SES-DF,OXCARBAZEPINA 6 % SUSPENSÃO ORAL 100 ML,SEM ESTOQUE
Asa Sul,8764,SES-DF,OXCARBAZEPINA 60MG/ML SUSPENSÃO ORAL 100 ML COM DOSEADOR,SEM ESTOQUE
Gama,8764,SES-DF,OXCARBAZEPINA 60MG/ML SUSPENSÃO ORAL 100 ML COM DOSEADOR,SEM ESTOQUE
Asa Sul,31536,SES-DF,OXICODONA COMPRIMIDO REVESTIDO DE LIBERAÇÃO CONTROLADA 10MG,COM ESTOQUE
Ceilândia,31536,SES-DF,OXICODONA COMPRIMIDO REVESTIDO DE LIBERAÇÃO CONTROLADA 10MG,COM ESTOQUE
Gama,31536,SES-DF,OXICODONA COMPRIMIDO REVESTIDO DE LIBERAÇÃO CONTROLADA 10MG,COM ESTOQUE
Asa Sul,21593,SES-DF,OXICODONA COMPRIMIDO REVESTIDO DE LIBERAÇÃO CONTROLADA 20MG,COM ESTOQUE
Ceilândia,21593,SES-DF,OXICODONA COMPRIMIDO REVESTIDO DE LIBERAÇÃO CONTROLADA 20MG,COM ESTOQUE
Gama,21593,SES-DF,OXICODONA COMPRIMIDO REVESTIDO DE LIBERAÇÃO CONTROLADA 20MG,COM ESTOQUE
Asa Sul,11343,SES-DF,PANCREATINA (LIPASE + AMILASE + PROTEASE) CAPSULA COM MICROGRANULOS DE LIBERACAO ENTERICA 10.000 UI (EQUIVALE A 150MG),SEM ESTOQUE
Ceilândia,11343,SES-DF,PANCREATINA (LIPASE + AMILASE + PROTEASE) CAPSULA COM MICROGRANULOS DE LIBERACAO ENTERICA 10.000 UI (EQUIVALE A 150MG),SEM ESTOQUE
Gama,11343,SES-DF,PANCREATINA (LIPASE + AMILASE + PROTEASE) CAPSULA COM MICROGRANULOS DE LIBERACAO ENTERICA 10.000 UI (EQUIVALE A 150MG),SEM ESTOQUE
Ceilândia,11341,SES-DF,PANCREATINA (LIPASE + AMILASE + PROTEASE) CAPSULA COM MICROGRANULOS DE LIBERACAO ENTERICA 25.000 UI (EQUIVALE A 150MG),COM ESTOQUE
Asa Sul,11341,SES-DF,PANCREATINA (LIPASE + AMILASE + PROTEASE) CAPSULA COM MICROGRANULOS DE LIBERACAO ENTERICA 25.000 UI (EQUIVALE A 300MG),COM ESTOQUE
Gama,11341,SES-DF,PANCREATINA (LIPASE + AMILASE + PROTEASE) CAPSULA COM MICROGRANULOS DE LIBERACAO ENTERICA 25.000 UI (EQUIVALE A 300MG),COM ESTOQUE
Asa Sul,MS29142,Ministério da Saúde,PARICALCITOL SOLUÇAO INJETAVEL 5 MCG/ML AMPOLA 1ML,COM ESTOQUE
Ceilândia,MS29142,Ministério da Saúde,PARICALCITOL SOLUÇAO INJETAVEL 5 MCG/ML AMPOLA 1ML,COM ESTOQUE
Gama,MS29142,Ministério da Saúde,PARICALCITOL SOLUÇAO INJETAVEL 5 MCG/ML AMPOLA 1ML,COM ESTOQUE
Ceilândia,988,SES-DF,PENICILAMINA CAPSULA 250 MG,SEM ESTOQUE
Gama,90847,SES-DF,PENICILAMINA CAPSULA 250 MG,SEM ESTOQUE
Gama,90241,SES-DF,PILOCARPINA SOLUÇAO OFTALMICA 2% FRASCO CONTA-GOTAS 10 ML,SEM ESTOQUE
Asa Sul,90241,SES-DF,PIRIDOSTIGMINA (BROMETO) COMPRIMIDO 60 MG,COM ESTOQUE
Ceilândia,90241,SES-DF,PIRIDOSTIGMINA (BROMETO) COMPRIMIDO 60 MG,COM ESTOQUE
Gama,90241,SES-DF,PIRIDOSTIGMINA (BROMETO) COMPRIMIDO 60 MG,COM ESTOQUE
Asa Sul,MS667,Ministério da Saúde,"PRAMIPEXOL COMPRIMIDO 0,125 MG",COM ESTOQUE
Ceilândia,MS667,Ministério da Saúde,"PRAMIPEXOL COMPRIMIDO 0,125 MG",COM ESTOQUE
Gama,MS667,Ministério da Saúde,"PRAMIPEXOL COMPRIMIDO 0,125 MG",COM ESTOQUE
Asa Sul,MS1061,Ministério da Saúde,"PRAMIPEXOL COMPRIMIDO 0,25 MG",COM ESTOQUE
Ceilândia,MS1061,Ministério da Saúde,"PRAMIPEXOL COMPRIMIDO 0,25 MG",COM ESTOQUE
Gama,MS1061,Ministério da Saúde,"PRAMIPEXOL COMPRIMIDO 0,25 MG",COM ESTOQUE
Asa Sul,MS3363,Ministério da Saúde,PRAMIPEXOL COMPRIMIDO 1 MG,COM ESTOQUE
Ceilândia,MS3363,Ministério da Saúde,PRAMIPEXOL COMPRIMIDO 1 MG,COM ESTOQUE
Gama,MS3363,Ministério da Saúde,PRAMIPEXOL COMPRIMIDO 1 MG,COM ESTOQUE
Asa Sul,1038,SES-DF,QUETIAPINA COMPRIMIDO 100MG,COM ESTOQUE
Asa Sul,MS1038,Ministério da Saúde,QUETIAPINA COMPRIMIDO 100MG,COM ESTOQUE
Ceilândia,1038,SES-DF,QUETIAPINA COMPRIMIDO 100MG,COM ESTOQUE
Ceilândia,MS1038,Ministério da Saúde,QUETIAPINA COMPRIMIDO 100MG,COM ESTOQUE
Gama,1038,SES-DF,QUETIAPINA COMPRIMIDO 100MG,SEM ESTOQUE
Gama,MS1038,Ministério da Saúde,QUETIAPINA COMPRIMIDO 100MG,COM ESTOQUE
Asa Sul,5889,SES-DF,QUETIAPINA COMPRIMIDO 200MG,COM ESTOQUE
Asa Sul,MS5889,Ministério da Saúde,QUETIAPINA COMPRIMIDO 200MG,COM ESTOQUE
Ceilândia,5889,SES-DF,QUETIAPINA COMPRIMIDO 200MG,COM ESTOQUE
Ceilândia,MS5889,Ministério da Saúde,QUETIAPINA COMPRIMIDO 200MG,COM ESTOQUE
Gama,5889,SES-DF,QUETIAPINA COMPRIMIDO 200MG,COM ESTOQUE
Gama,MS5889,Ministério da Saúde,QUETIAPINA COMPRIMIDO 200MG,COM ESTOQUE
Asa Sul,MS21068,Ministério da Saúde,QUETIAPINA COMPRIMIDO 25MG,COM ESTOQUE
Ceilândia,MS21068,Ministério da Saúde,QUETIAPINA COMPRIMIDO 25MG,COM ESTOQUE
Gama,MS21068,Ministério da Saúde,QUETIAPINA COMPRIMIDO 25MG,COM ESTOQUE
Asa Sul,MS15495,Ministério da Saúde,QUETIAPINA COMPRIMIDO 300MG,COM ESTOQUE
Ceilândia,MS15495,Ministério da Saúde,QUETIAPINA COMPRIMIDO 300MG,COM ESTOQUE
Gama,MS15495,Ministério da Saúde,QUETIAPINA COMPRIMIDO 300MG,COM ESTOQUE
Asa Sul,671,SES-DF,RALOXIFENO COMPRIMIDO 60 MG,COM ESTOQUE
Ceilândia,671,SES-DF,RALOXIFENO COMPRIMIDO 60 MG,COM ESTOQUE
Gama,671,SES-DF,RALOXIFENO COMPRIMIDO 60 MG,COM ESTOQUE
Asa Sul,MS12898,Ministério da Saúde,RASAGILINA COMPRIMIDO 1MG,SEM ESTOQUE
Ceilândia,MS12898,Ministério da Saúde,RASAGILINA COMPRIMIDO 1MG,SEM ESTOQUE
Gama,MS12898,Ministério da Saúde,RASAGILINA COMPRIMIDO 1MG,SEM ESTOQUE
Asa Sul,MS7057,Ministério da Saúde,RILUZOL COMPRIMIDO 50MG,COM ESTOQUE
Ceilândia,MS7057,Ministério da Saúde,RILUZOL COMPRIMIDO 50MG,COM ESTOQUE
Gama,MS7057,Ministério da Saúde,RILUZOL COMPRIMIDO 50MG,COM ESTOQUE
Asa Sul,MS38249,Ministério da Saúde,"RISANQUIZUMABE 90 MG/ML SOLUÇÂO INJETÁVEL (POR SERINGA PREENCHIDA) 0,83 ML",SEM ESTOQUE
Ceilândia,MS38249,Ministério da Saúde,"RISANQUIZUMABE 90 MG/ML SOLUÇÂO INJETÁVEL (POR SERINGA PREENCHIDA) 0,83 ML",SEM ESTOQUE
Gama,MS38249,Ministério da Saúde,"RISANQUIZUMABE 90 MG/ML SOLUÇÂO INJETÁVEL (POR SERINGA PREENCHIDA) 0,83 ML",SEM ESTOQUE
Asa Sul,MS38502,Ministério da Saúde,"RISDIPLAM 0,75 MG/ML PÓ PARA SOLUÇÃO 80 ML",COM ESTOQUE
Asa Sul,175,SES-DF,RISEDRONATO COMPRIMIDO 35MG,COM ESTOQUE
Ceilândia,175,SES-DF,RISEDRONATO COMPRIMIDO 35MG,COM ESTOQUE
Gama,175,SES-DF,RISEDRONATO COMPRIMIDO 35MG,COM ESTOQUE
Asa Sul,29465,SES-DF,RISPERIDONA 1 MG/ML SOL ORAL (FR) 30 ML,COM ESTOQUE
Ceilândia,29465,SES-DF,RISPERIDONA 1 MG/ML SOL ORAL (FR) 30 ML,COM ESTOQUE
Gama,29465,SES-DF,RISPERIDONA 1 MG/ML SOL ORAL (FR) 30 ML,COM ESTOQUE
Asa Sul,7031,SES-DF,RISPERIDONA COMPRIMIDO 1 MG,COM ESTOQUE
Ceilândia,7031,SES-DF,RISPERIDONA COMPRIMIDO 1 MG,COM ESTOQUE
Gama,7031,SES-DF,RISPERIDONA COMPRIMIDO 1 MG,COM ESTOQUE
Asa Sul,7032,SES-DF,RISPERIDONA COMPRIMIDO 2 MG,COM ESTOQUE
Ceilândia,7032,SES-DF,RISPERIDONA COMPRIMIDO 2 MG,COM ESTOQUE
Gama,7032,SES-DF,RISPERIDONA COMPRIMIDO 2 MG,COM ESTOQUE
Asa Sul,21692,SES-DF,RISPERIDONA COMPRIMIDO REVESTIDO 3 MG,COM ESTOQUE
Ceilândia,21692,SES-DF,RISPERIDONA COMPRIMIDO REVESTIDO 3 MG,COM ESTOQUE
Gama,21692,SES-DF,RISPERIDONA COMPRIMIDO REVESTIDO 3 MG,COM ESTOQUE
Asa Sul,MS5292,Ministério da Saúde,RITUXIMABE (BIOSSIMILAR BIO-MANGUINHOS/RIXYMIO®) 500 MG SOL INJ (FR-AMP) 50 ML,COM ESTOQUE
Gama,MS5292,Ministério da Saúde,RITUXIMABE (BIOSSIMILAR BIO-MANGUINHOS/RIXYMIO®) 500 MG SOL INJ (FR-AMP) 50 ML,COM ESTOQUE
Ceilândia,MS5292,Ministério da Saúde,RITUXIMABE (BIOSSIMILAR BIO-MANGUINHOS/RIXYMIO®) 500 MG SOL INJ (FR-AMP) 50 ML GRUPO 1.A,COM ESTOQUE
Asa Sul,MS5292,Ministério da Saúde,RITUXIMABE (ROCHE/MABTHERA®) 500 MG SOL INJ (FR-AMP) 50 ML,SEM ESTOQUE
Gama,MS5292,Ministério da Saúde,RITUXIMABE (ROCHE/MABTHERA®) 500 MG SOL INJ (FR-AMP) 50 ML,SEM ESTOQUE
Ceilândia,MS5292,Ministério da Saúde,RITUXIMABE (ROCHE/MABTHERA®) 500 MG SOL INJ (FR-AMP) 50 ML GRUPO 1.A,SEM ESTOQUE
Asa Sul,5292,SES-DF,RITUXIMABE SOLUÇÃO INJETAVEL 500 MG FRASCO 50 ML,COM ESTOQUE
Ceilândia,5292,SES-DF,RITUXIMABE SOLUÇÃO INJETAVEL 500 MG FRASCO 50 ML,COM ESTOQUE
Gama,5292,SES-DF,RITUXIMABE SOLUÇÃO INJETAVEL 500 MG FRASCO 50 ML,COM ESTOQUE
Asa Sul,MS16360,Ministério da Saúde,RIVASTIGMINA 18 MG ADESIVO TRANSDÉRMICO,COM ESTOQUE
Ceilândia,MS16360,Ministério da Saúde,RIVASTIGMINA 18 MG ADESIVO TRANSDÉRMICO,COM ESTOQUE
Gama,MS16360,Ministério da Saúde,RIVASTIGMINA 18 MG ADESIVO TRANSDÉRMICO,COM ESTOQUE
Asa Sul,MS5276,Ministério da Saúde,"RIVASTIGMINA CAPSULA 1,5 MG",COM ESTOQUE
Gama,MS672,Ministério da Saúde,RIVASTIGMINA CAPSULA 3 MG,COM ESTOQUE
Asa Sul,MS5909,Ministério da Saúde,"RIVASTIGMINA CAPSULA 4,5 MG",COM ESTOQUE
Ceilândia,MS5909,Ministério da Saúde,"RIVASTIGMINA CAPSULA 4,5 MG",COM ESTOQUE
Gama,MS5909,Ministério da Saúde,"RIVASTIGMINA CAPSULA 4,5 MG",SEM ESTOQUE
Asa Sul,MS5725,Ministério da Saúde,RIVASTIGMINA CAPSULA 6 MG,COM ESTOQUE
Ceilândia,MS5725,Ministério da Saúde,RIVASTIGMINA CAPSULA 6 MG,COM ESTOQUE
Gama,MS5725,Ministério da Saúde,RIVASTIGMINA CAPSULA 6 MG,COM ESTOQUE
Asa Sul,90590,SES-DF,SACARATO DE HIDROXIDO DE FERRO III SOLUÇAO INJETAVEL ENDOVENOSA 20MG/ML AMPOLA 5ML,COM ESTOQUE
Ceilândia,90590,SES-DF,SACARATO DE HIDROXIDO DE FERRO III SOLUÇAO INJETAVEL ENDOVENOSA 20MG/ML AMPOLA 5ML,SEM ESTOQUE
Gama,90590,SES-DF,SACARATO DE HIDROXIDO DE FERRO III SOLUÇAO INJETAVEL ENDOVENOSA 20MG/ML AMPOLA 5ML,COM ESTOQUE
Asa Sul,36352,SES-DF,SACUBITRIL VALSARTANA SÓDICA HIDRATADA 100 MG COMPRIMIDO,COM ESTOQUE
Ceilândia,36352,SES-DF,SACUBITRIL VALSARTANA SÓDICA HIDRATADA 100 MG COMPRIMIDO,COM ESTOQUE
Gama,36352,SES-DF,SACUBITRIL VALSARTANA SÓDICA HIDRATADA 100 MG COMPRIMIDO,COM ESTOQUE
Asa Sul,35977,SES-DF,SACUBITRIL VALSARTANA SÓDICA HIDRATADA 200 MG COMPRIMIDO,COM ESTOQUE
Ceilândia,35977,SES-DF,SACUBITRIL VALSARTANA SÓDICA HIDRATADA 200 MG COMPRIMIDO,COM ESTOQUE
Gama,35977,SES-DF,SACUBITRIL VALSARTANA SÓDICA HIDRATADA 200 MG COMPRIMIDO,COM ESTOQUE
Asa Sul,36496,SES-DF,SACUBITRIL VALSARTANA SÓDICA HIDRATADA 50 MG COMPRIMIDO,COM ESTOQUE
Ceilândia,36496,SES-DF,SACUBITRIL VALSARTANA SÓDICA HIDRATADA 50 MG COMPRIMIDO,COM ESTOQUE
Gama,36496,SES-DF,SACUBITRIL VALSARTANA SÓDICA HIDRATADA 50 MG COMPRIMIDO,COM ESTOQUE
Asa Sul,23607,SES-DF,SALMETEROL (XINAFOATO) + FLUTICASONA (PROPIONATO) PO PARA INALAÇÃO 50MCG/DOSE + 500MCG/DOSE RECIPIENTE DOSADOR CONTENDO STRIP COM 60 DOSES,SEM ESTOQUE
Ceilândia,23607,SES-DF,SALMETEROL (XINAFOATO) + FLUTICASONA (PROPIONATO) PO PARA INALAÇÃO 50MCG/DOSE + 500MCG/DOSE RECIPIENTE DOSADOR CONTENDO STRIP COM 60 DOSES,SEM ESTOQUE
Gama,23607,SES-DF,SALMETEROL (XINAFOATO) + FLUTICASONA (PROPIONATO) PO PARA INALAÇÃO 50MCG/DOSE + 500MCG/DOSE RECIPIENTE DOSADOR CONTENDO STRIP COM 60 DOSES,SEM ESTOQUE
Asa Sul,35337,SES-DF,SAPROPTERINA COMPRIMIDO 100MG,COM ESTOQUE
Asa Sul,MS34767,Ministério da Saúde,SECUQUINUMABE 150 MG/ML SOL INJ,COM ESTOQUE
Ceilândia,MS34767,Ministério da Saúde,SECUQUINUMABE 150 MG/ML SOL INJ,COM ESTOQUE
Gama,MS34767,Ministério da Saúde,SECUQUINUMABE 150 MG/ML SOL INJ,COM ESTOQUE
Ceilândia,5260,SES-DF,SELEGILINA COMPRIMIDO SULCADO 5 MG,COM ESTOQUE
Asa Sul,MS693,Ministério da Saúde,SEVELAMER (HIDROCLORETO) COMPRIMIDO REVESTIDO 800MG,COM ESTOQUE
Ceilândia,MS693,Ministério da Saúde,SEVELAMER (HIDROCLORETO) COMPRIMIDO REVESTIDO 800MG,COM ESTOQUE
Gama,MS693,Ministério da Saúde,SEVELAMER (HIDROCLORETO) COMPRIMIDO REVESTIDO 800MG,COM ESTOQUE
Ceilândia,MS21673,Ministério da Saúde,SILDENAFIL (CITRATO) COMPRIMIDO REVESTIDO 20 MG,COM ESTOQUE
Asa Sul,21673,SES-DF,SILDENAFILA (CITRATO) COMPRIMIDO REVESTIDO 20 MG,SEM ESTOQUE
Asa Sul,MS21673,Ministério da Saúde,SILDENAFILA (CITRATO) COMPRIMIDO REVESTIDO 20 MG,COM ESTOQUE
Gama,21673,SES-DF,SILDENAFILA (CITRATO) COMPRIMIDO REVESTIDO 20 MG,COM ESTOQUE
Gama,MS21673,Ministério da Saúde,SILDENAFILA (CITRATO) COMPRIMIDO REVESTIDO 20 MG,COM ESTOQUE
Ceilândia,MS18383,Ministério da Saúde,SILDENAFILA 25 MG COMP,COM ESTOQUE
Asa Sul,MS18383,Ministério da Saúde,SILDENAFILA COMPRIMIDO 25MG,COM ESTOQUE
Gama,MS18383,Ministério da Saúde,SILDENAFILA COMPRIMIDO 25MG,COM ESTOQUE
Asa Sul,18078,SES-DF,SILDENAFILA COMPRIMIDO 50MG,SEM ESTOQUE
Asa Sul,MS18078,Ministério da Saúde,SILDENAFILA COMPRIMIDO 50MG,COM ESTOQUE
Ceilândia,MS18078,Ministério da Saúde,SILDENAFILA COMPRIMIDO 50MG,COM ESTOQUE
Gama,18078,SES-DF,SILDENAFILA COMPRIMIDO 50MG,SEM ESTOQUE
Gama,MS18078,Ministério da Saúde,SILDENAFILA COMPRIMIDO 50MG,COM ESTOQUE
Asa Sul,20269,SES-DF,SIROLIMUS DRAGEA 1 MG,SEM ESTOQUE
Asa Sul,MS20269,Ministério da Saúde,SIROLIMUS DRAGEA 1 MG,COM ESTOQUE
Ceilândia,20269,SES-DF,SIROLIMUS DRAGEA 1 MG,SEM ESTOQUE
Ceilândia,MS20269,Ministério da Saúde,SIROLIMUS DRAGEA 1 MG,COM ESTOQUE
Gama,20269,SES-DF,SIROLIMUS DRAGEA 1 MG,SEM ESTOQUE
Gama,MS20269,Ministério da Saúde,SIROLIMUS DRAGEA 1 MG,COM ESTOQUE
Asa Sul,MS20189,Ministério da Saúde,SIROLIMUS DRAGEA 2MG,COM ESTOQUE
Ceilândia,MS20189,Ministério da Saúde,SIROLIMUS DRAGEA 2MG,COM ESTOQUE
Gama,MS20189,Ministério da Saúde,SIROLIMUS DRAGEA 2MG,COM ESTOQUE
Asa Sul,MS30983,Ministério da Saúde,SOMATROPINA INJETÁVEL 12 UI FRASCO-AMPOLA,COM ESTOQUE
Ceilândia,MS30983,Ministério da Saúde,SOMATROPINA INJETÁVEL 12 UI FRASCO-AMPOLA,COM ESTOQUE
Gama,MS30983,Ministério da Saúde,SOMATROPINA INJETÁVEL 12 UI FRASCO-AMPOLA,COM ESTOQUE
Asa Sul,25200,SES-DF,SOMATROPINA INJETAVEL 4 UI FRASCO-AMPOLA,COM ESTOQUE
Asa Sul,MS25200,Ministério da Saúde,SOMATROPINA INJETAVEL 4 UI FRASCO-AMPOLA,COM ESTOQUE
Ceilândia,25200,SES-DF,SOMATROPINA INJETAVEL 4 UI FRASCO-AMPOLA,COM ESTOQUE
Ceilândia,MS25200,Ministério da Saúde,SOMATROPINA INJETAVEL 4 UI FRASCO-AMPOLA,COM ESTOQUE
Gama,25200,SES-DF,SOMATROPINA INJETAVEL 4 UI FRASCO-AMPOLA,COM ESTOQUE
Gama,MS25200,Ministério da Saúde,SOMATROPINA INJETAVEL 4 UI FRASCO-AMPOLA,COM ESTOQUE
Asa Sul,90214,SES-DF,SULFASSALAZINA COMPRIMIDO OU COMPRIMIDO REVESTIDO 500MG,COM ESTOQUE
Ceilândia,90214,SES-DF,SULFASSALAZINA COMPRIMIDO OU COMPRIMIDO REVESTIDO 500MG,COM ESTOQUE
Gama,90214,SES-DF,SULFASSALAZINA COMPRIMIDO OU COMPRIMIDO REVESTIDO 500MG,COM ESTOQUE
Asa Sul,5561,SES-DF,TACROLIMO CAPSULA 1 MG,COM ESTOQUE
Asa Sul,MS5561,Ministério da Saúde,TACROLIMO CAPSULA 1 MG,COM ESTOQUE
Asa Sul,5562,SES-DF,TACROLIMO CAPSULA 5 MG,COM ESTOQUE
Asa Sul,MS5562,Ministério da Saúde,TACROLIMO CAPSULA 5 MG,COM ESTOQUE
Ceilândia,5561,SES-DF,TACROLIMUS CAPSULA 1 MG,COM ESTOQUE
Ceilândia,MS5561,Ministério da Saúde,TACROLIMUS CAPSULA 1 MG,COM ESTOQUE
Gama,5561,SES-DF,TACROLIMUS CAPSULA 1 MG,COM ESTOQUE
Gama,MS5561,Ministério da Saúde,TACROLIMUS CAPSULA 1 MG,COM ESTOQUE
Ceilândia,5562,SES-DF,TACROLIMUS CAPSULA 5 MG,SEM ESTOQUE
Ceilândia,MS5562,Ministério da Saúde,TACROLIMUS CAPSULA 5 MG,COM ESTOQUE
Gama,5562,SES-DF,TACROLIMUS CAPSULA 5 MG,COM ESTOQUE
Gama,MS5562,Ministério da Saúde,TACROLIMUS CAPSULA 5 MG,COM ESTOQUE
Ceilândia,MS35470,Ministério da Saúde,TAFAMIDIS 20MG CAPSULA,COM ESTOQUE
Asa Sul,MS35470,Ministério da Saúde,TAFAMIDIS MEGLUMINA CAPSULA 20MG,COM ESTOQUE
Gama,MS35470,Ministério da Saúde,TAFAMIDIS MEGLUMINA CAPSULA 20MG,COM ESTOQUE
Ceilândia,MS32853,Ministério da Saúde,TERIFLUNOMIDA 14MG COMP,COM ESTOQUE
Asa Sul,MS32853,Ministério da Saúde,TERIFLUNOMIDA 14MG COMPRIMIDO,COM ESTOQUE
Gama,MS32853,Ministério da Saúde,TERIFLUNOMIDA 14MG COMPRIMIDO,COM ESTOQUE
Asa Sul,90849,SES-DF,"TIMOLOL SOLUCAO OFTALMICA 0,5 % FRASCO 5 ML",SEM ESTOQUE
Ceilândia,90849,SES-DF,"TIMOLOL SOLUCAO OFTALMICA 0,5 % FRASCO 5 ML",SEM ESTOQUE
Gama,90849,SES-DF,"TIMOLOL SOLUCAO OFTALMICA 0,5 % FRASCO 5 ML",SEM ESTOQUE
Asa Sul,MS3404,Ministério da Saúde,TOBRAMICINA SOLUÇÃO PARA INALAÇÃO 300 MG AMPOLA OU FLACONETE,COM ESTOQUE
Ceilândia,MS3404,Ministério da Saúde,TOBRAMICINA SOLUÇÃO PARA INALAÇÃO 300 MG AMPOLA OU FLACONETE,COM ESTOQUE
Gama,MS3404,Ministério da Saúde,TOBRAMICINA SOLUÇÃO PARA INALAÇÃO 300 MG AMPOLA OU FLACONETE,COM ESTOQUE
Asa Sul,MS23589,Ministério da Saúde,TOCILIZUMABE SOLUÇAO INJETAVEL 20 MG/ML FRASCO AMPOLA 4 ML,SEM ESTOQUE
Ceilândia,MS23589,Ministério da Saúde,TOCILIZUMABE SOLUÇAO INJETAVEL 20 MG/ML FRASCO AMPOLA 4 ML,SEM ESTOQUE
Gama,MS23589,Ministério da Saúde,TOCILIZUMABE SOLUÇAO INJETAVEL 20 MG/ML FRASCO AMPOLA 4 ML,SEM ESTOQUE
Ceilândia,MS34049,Ministério da Saúde,TOFACITINIBE (CITRATO) 5MG COMP,COM ESTOQUE
Asa Sul,MS34049,Ministério da Saúde,TOFACITINIBE (CITRATO) 5MG COMPRIMIDO,COM ESTOQUE
Gama,MS34049,Ministério da Saúde,TOFACITINIBE (CITRATO) 5MG COMPRIMIDO,COM ESTOQUE
Asa Sul,8566,SES-DF,TOPIRAMATO COMPRIMIDO 100 MG,COM ESTOQUE
Ceilândia,8566,SES-DF,TOPIRAMATO COMPRIMIDO 100 MG,SEM ESTOQUE
Gama,8566,SES-DF,TOPIRAMATO COMPRIMIDO 100 MG,SEM ESTOQUE
Asa Sul,8921,SES-DF,TOPIRAMATO COMPRIMIDO 25 MG,COM ESTOQUE
Ceilândia,8921,SES-DF,TOPIRAMATO COMPRIMIDO 25 MG,COM ESTOQUE
Gama,8921,SES-DF,TOPIRAMATO COMPRIMIDO 25 MG,COM ESTOQUE
Asa Sul,5528,SES-DF,TOPIRAMATO COMPRIMIDO 50 MG,COM ESTOQUE
Ceilândia,5528,SES-DF,TOPIRAMATO COMPRIMIDO 50 MG,COM ESTOQUE
Gama,5528,SES-DF,TOPIRAMATO COMPRIMIDO 50 MG,COM ESTOQUE
Asa Sul,MS2480,Ministério da Saúde,TOXINA BOTULINICA TIPO A DE CLOSTRIDIUM BOTULINUM 500U PO LIOFILIZADO P/ SOLUÇAO INJETAVEL FRASCO,SEM ESTOQUE
Ceilândia,MS2480,Ministério da Saúde,TOXINA BOTULINICA TIPO A DE CLOSTRIDIUM BOTULINUM 500U PO LIOFILIZADO P/ SOLUÇAO INJETAVEL FRASCO,SEM ESTOQUE
Gama,MS2480,Ministério da Saúde,TOXINA BOTULINICA TIPO A DE CLOSTRIDIUM BOTULINUM 500U PO LIOFILIZADO P/ SOLUÇAO INJETAVEL FRASCO,SEM ESTOQUE
Asa Sul,MS26043,Ministério da Saúde,TOXINA BOTULINICA TIPO A PO LIOFILIZADO PARA SOLUCAO INJETÁVEL 100U FRASCO-AMPOLA,COM ESTOQUE
Ceilândia,MS26043,Ministério da Saúde,TOXINA BOTULINICA TIPO A PO LIOFILIZADO PARA SOLUCAO INJETÁVEL 100U FRASCO-AMPOLA,COM ESTOQUE
Gama,MS26043,Ministério da Saúde,TOXINA BOTULINICA TIPO A PO LIOFILIZADO PARA SOLUCAO INJETÁVEL 100U FRASCO-AMPOLA,COM ESTOQUE
Asa Sul,MS20070,Ministério da Saúde,"TRAVOPROSTA SOLUCAO OFTALMICA 0,04 MG/ML FRASCO CONTA-GOTA 2,5 ML",COM ESTOQUE
Ceilândia,MS20070,Ministério da Saúde,"TRAVOPROSTA SOLUCAO OFTALMICA 0,04 MG/ML FRASCO CONTA-GOTA 2,5 ML",COM ESTOQUE
Gama,MS20070,Ministério da Saúde,"TRAVOPROSTA SOLUCAO OFTALMICA 0,04 MG/ML FRASCO CONTA-GOTA 2,5 ML",COM ESTOQUE
Asa Sul,MS37996,Ministério da Saúde,TRIENTINA (CLORIDRATO) CÁPSULA 250MG,SEM ESTOQUE
Gama,MS37996,Ministério da Saúde,TRIENTINA (CLORIDRATO) CÁPSULA 250MG,SEM ESTOQUE
Ceilândia,MS37996,Ministério da Saúde,TRIENTINA 250MG CÁPSULA,SEM ESTOQUE
Asa Sul,3521,SES-DF,"TRIPTORRELINA PÓ INJETAVEL 3,75 MG FRASCO-AMPOLA OU SERINGA PREENCHIDA",SEM ESTOQUE
Ceilândia,3521,SES-DF,"TRIPTORRELINA PÓ INJETAVEL 3,75 MG FRASCO-AMPOLA OU SERINGA PREENCHIDA",SEM ESTOQUE
Gama,3521,SES-DF,"TRIPTORRELINA PÓ INJETAVEL 3,75 MG FRASCO-AMPOLA OU SERINGA PREENCHIDA",SEM ESTOQUE
Asa Sul,MS38250,Ministério da Saúde,UPADACITINIBE 15MG COMP,COM ESTOQUE
Ceilândia,MS38250,Ministério da Saúde,UPADACITINIBE 15MG COMP,COM ESTOQUE
Gama,MS38250,Ministério da Saúde,UPADACITINIBE 15MG COMP,SEM ESTOQUE
Asa Sul,MS27582,Ministério da Saúde,"USTEQUINUMABE 45/0,5 MG/ML SOL INJ (SER PREENC) 0,5 ML",COM ESTOQUE
Ceilândia,MS27582,Ministério da Saúde,"USTEQUINUMABE 45/0,5 MG/ML SOL INJ (SER PREENC) 0,5 ML",COM ESTOQUE
Gama,MS27582,Ministério da Saúde,"USTEQUINUMABE 45/0,5 MG/ML SOL INJ (SER PREENC) 0,5 ML",COM ESTOQUE
Asa Sul,MS35555,Ministério da Saúde,VEDOLIZUMABE 300 MG PÓ LIOFILIZADO PARA SOLUÇÃO INJETÁVEL,SEM ESTOQUE
Ceilândia,MS35555,Ministério da Saúde,VEDOLIZUMABE 300 MG PÓ LIOFILIZADO PARA SOLUÇÃO INJETÁVEL,SEM ESTOQUE
Gama,MS35555,Ministério da Saúde,VEDOLIZUMABE 300 MG PÓ LIOFILIZADO PARA SOLUÇÃO INJETÁVEL,SEM ESTOQUE
Asa Sul,7636,SES-DF,VIGABATRINA COMPRIMIDO 500 MG,SEM ESTOQUE
Ceilândia,7636,SES-DF,VIGABATRINA COMPRIMIDO 500 MG,SEM ESTOQUE
Gama,7636,SES-DF,VIGABATRINA COMPRIMIDO 500 MG,SEM ESTOQUE
Asa Sul,MS708,Ministério da Saúde,ZIPRASIDONA CAPSULA 40 MG,COM ESTOQUE
Ceilândia,708,SES-DF,ZIPRASIDONA CAPSULA 40 MG,SEM ESTOQUE
Ceilândia,MS708,Ministério da Saúde,ZIPRASIDONA CAPSULA 40 MG,COM ESTOQUE
Gama,708,SES-DF,ZIPRASIDONA CAPSULA 40 MG,COM ESTOQUE
Gama,MS708,Ministério da Saúde,ZIPRASIDONA CAPSULA 40 MG,COM ESTOQUE
Asa Sul,709,SES-DF,ZIPRASIDONA CAPSULA 80 MG,COM ESTOQUE
Asa Sul,MS709,Ministério da Saúde,ZIPRASIDONA CAPSULA 80 MG,COM ESTOQUE
Ceilândia,709,SES-DF,ZIPRASIDONA CAPSULA 80 MG,COM ESTOQUE
Ceilândia,MS709,Ministério da Saúde,ZIPRASIDONA CAPSULA 80 MG,COM ESTOQUE
Gama,709,SES-DF,ZIPRASIDONA CAPSULA 80 MG,COM ESTOQUE
Gama,MS709,Ministério da Saúde,ZIPRASIDONA CAPSULA 80 MG,COM ESTOQUE
